id,code,name,city_id
1,11110515,청운효자동,23
2,11110530,사직동,23
3,11110540,삼청동,23
4,11110550,부암동,23
5,11110560,평창동,23
6,11110570,무악동,23
7,11110580,교남동,23
8,11110600,가회동,23
9,11110615,종로1.2.3.4가동,23
10,11110630,종로5.6가동,23
11,11110640,이화동,23
12,11110650,혜화동,23
13,11110670,창신제1동,23
14,11110680,창신제2동,23
15,11110690,창신제3동,23
16,11110700,숭인제1동,23
17,11110710,숭인제2동,23
18,11140520,소공동,24
19,11140540,회현동,24
20,11140550,명동,24
21,11140570,필동,24
22,11140580,장충동,24
23,11140590,광희동,24
24,11140605,을지로동,24
25,11140615,신당동,24
26,11140625,다산동,24
27,11140635,약수동,24
28,11140645,청구동,24
29,11140650,신당제5동,24
30,11140665,동화동,24
31,11140670,황학동,24
32,11140680,중림동,24
33,11170510,후암동,21
34,11170520,용산2가동,21
35,11170530,남영동,21
36,11170555,청파동,21
37,11170560,원효로제1동,21
38,11170570,원효로제2동,21
39,11170580,효창동,21
40,11170590,용문동,21
41,11170625,한강로동,21
42,11170630,이촌제1동,21
43,11170640,이촌제2동,21
44,11170650,이태원제1동,21
45,11170660,이태원제2동,21
46,11170685,한남동,21
47,11170690,서빙고동,21
48,11170700,보광동,21
49,11200520,왕십리제2동,16
50,11200535,왕십리도선동,16
51,11200540,마장동,16
52,11200550,사근동,16
53,11200560,행당제1동,16
54,11200570,행당제2동,16
55,11200580,응봉동,16
56,11200590,금호1가동,16
57,11200615,금호2.3가동,16
58,11200620,금호4가동,16
59,11200645,옥수동,16
60,11200650,성수1가제1동,16
61,11200660,성수1가제2동,16
62,11200670,성수2가제1동,16
63,11200690,성수2가제3동,16
64,11200720,송정동,16
65,11200790,용답동,16
66,11215710,화양동,6
67,11215730,군자동,6
68,11215740,중곡제1동,6
69,11215750,중곡제2동,6
70,11215760,중곡제3동,6
71,11215770,중곡제4동,6
72,11215780,능동,6
73,11215810,광장동,6
74,11215820,자양제1동,6
75,11215830,자양제2동,6
76,11215840,자양제3동,6
77,11215847,자양제4동,6
78,11215850,구의제1동,6
79,11215860,구의제2동,6
80,11215870,구의제3동,6
81,11230536,용신동,11
82,11230545,제기동,11
83,11230560,전농제1동,11
84,11230570,전농제2동,11
85,11230600,답십리제1동,11
86,11230610,답십리제2동,11
87,11230650,장안제1동,11
88,11230660,장안제2동,11
89,11230705,청량리동,11
90,11230710,회기동,11
91,11230720,휘경제1동,11
92,11230730,휘경제2동,11
93,11230740,이문제1동,11
94,11230750,이문제2동,11
95,11260520,면목제2동,25
96,11260540,면목제4동,25
97,11260550,면목제5동,25
98,11260565,면목본동,25
99,11260570,면목제7동,25
100,11260575,면목제3.8동,25
101,11260580,상봉제1동,25
102,11260590,상봉제2동,25
103,11260600,중화제1동,25
104,11260610,중화제2동,25
105,11260620,묵제1동,25
106,11260630,묵제2동,25
107,11260655,망우본동,25
108,11260660,망우제3동,25
109,11260680,신내1동,25
110,11260690,신내2동,25
111,11290525,성북동,17
112,11290555,삼선동,17
113,11290575,동선동,17
114,11290580,돈암제1동,17
115,11290590,돈암제2동,17
116,11290600,안암동,17
117,11290610,보문동,17
118,11290620,정릉제1동,17
119,11290630,정릉제2동,17
120,11290640,정릉제3동,17
121,11290650,정릉제4동,17
122,11290660,길음제1동,17
123,11290685,길음제2동,17
124,11290705,종암동,17
125,11290715,월곡제1동,17
126,11290725,월곡제2동,17
127,11290760,장위제1동,17
128,11290770,장위제2동,17
129,11290780,장위제3동,17
130,11290810,석관동,17
131,11305534,삼양동,3
132,11305535,미아동,3
133,11305545,송중동,3
134,11305555,송천동,3
135,11305575,삼각산동,3
136,11305595,번1동,3
137,11305603,번2동,3
138,11305608,번3동,3
139,11305615,수유1동,3
140,11305625,수유2동,3
141,11305635,수유3동,3
142,11305645,우이동,3
143,11305660,인수동,3
144,11320511,창제1동,10
145,11320512,창제2동,10
146,11320513,창제3동,10
147,11320514,창제4동,10
148,11320515,창제5동,10
149,11320521,도봉제1동,10
150,11320522,도봉제2동,10
151,11320660,쌍문제1동,10
152,11320670,쌍문제2동,10
153,11320680,쌍문제3동,10
154,11320681,쌍문제4동,10
155,11320690,방학제1동,10
156,11320700,방학제2동,10
157,11320710,방학제3동,10
158,11350560,월계1동,9
159,11350570,월계2동,9
160,11350580,월계3동,9
161,11350595,공릉1동,9
162,11350600,공릉2동,9
163,11350611,하계1동,9
164,11350612,하계2동,9
165,11350619,중계본동,9
166,11350621,중계1동,9
167,11350624,중계4동,9
168,11350625,중계2.3동,9
169,11350630,상계1동,9
170,11350640,상계2동,9
171,11350665,상계3.4동,9
172,11350670,상계5동,9
173,11350695,상계6.7동,9
174,11350700,상계8동,9
175,11350710,상계9동,9
176,11350720,상계10동,9
177,11380510,녹번동,22
178,11380520,불광제1동,22
179,11380530,불광제2동,22
180,11380551,갈현제1동,22
181,11380552,갈현제2동,22
182,11380560,구산동,22
183,11380570,대조동,22
184,11380580,응암제1동,22
185,11380590,응암제2동,22
186,11380600,응암제3동,22
187,11380625,역촌동,22
188,11380631,신사제1동,22
189,11380632,신사제2동,22
190,11380640,증산동,22
191,11380650,수색동,22
192,11380690,진관동,22
193,11410520,천연동,14
194,11410555,북아현동,14
195,11410565,충현동,14
196,11410585,신촌동,14
197,11410615,연희동,14
198,11410620,홍제제1동,14
199,11410640,홍제제3동,14
200,11410655,홍제제2동,14
201,11410660,홍은제1동,14
202,11410685,홍은제2동,14
203,11410690,남가좌제1동,14
204,11410700,남가좌제2동,14
205,11410710,북가좌제1동,14
206,11410720,북가좌제2동,14
207,11440555,아현동,13
208,11440565,공덕동,13
209,11440585,도화동,13
210,11440590,용강동,13
211,11440600,대흥동,13
212,11440610,염리동,13
213,11440630,신수동,13
214,11440655,서강동,13
215,11440660,서교동,13
216,11440680,합정동,13
217,11440690,망원제1동,13
218,11440700,망원제2동,13
219,11440710,연남동,13
220,11440720,성산제1동,13
221,11440730,성산제2동,13
222,11440740,상암동,13
223,11470510,목1동,19
224,11470520,목2동,19
225,11470530,목3동,19
226,11470540,목4동,19
227,11470550,목5동,19
228,11470560,신월1동,19
229,11470570,신월2동,19
230,11470580,신월3동,19
231,11470590,신월4동,19
232,11470600,신월5동,19
233,11470610,신월6동,19
234,11470611,신월7동,19
235,11470620,신정1동,19
236,11470630,신정2동,19
237,11470640,신정3동,19
238,11470650,신정4동,19
239,11470670,신정6동,19
240,11470680,신정7동,19
241,11500510,염창동,4
242,11500520,등촌제1동,4
243,11500530,등촌제2동,4
244,11500535,등촌제3동,4
245,11500540,화곡제1동,4
246,11500550,화곡제2동,4
247,11500560,화곡제3동,4
248,11500570,화곡제4동,4
249,11500590,화곡본동,4
250,11500591,화곡제6동,4
251,11500593,화곡제8동,4
252,11500603,가양제1동,4
253,11500604,가양제2동,4
254,11500605,가양제3동,4
255,11500611,발산제1동,4
256,11500615,우장산동,4
257,11500620,공항동,4
258,11500630,방화제1동,4
259,11500640,방화제2동,4
260,11500641,방화제3동,4
261,11530510,신도림동,7
262,11530520,구로제1동,7
263,11530530,구로제2동,7
264,11530540,구로제3동,7
265,11530550,구로제4동,7
266,11530560,구로제5동,7
267,11530595,가리봉동,7
268,11530720,고척제1동,7
269,11530730,고척제2동,7
270,11530740,개봉제1동,7
271,11530750,개봉제2동,7
272,11530760,개봉제3동,7
273,11530770,오류제1동,7
274,11530780,오류제2동,7
275,11530790,수궁동,7
276,11530800,항동,7
277,11545510,가산동,8
278,11545610,독산제1동,8
279,11545620,독산제2동,8
280,11545630,독산제3동,8
281,11545640,독산제4동,8
282,11545670,시흥제1동,8
283,11545680,시흥제2동,8
284,11545690,시흥제3동,8
285,11545700,시흥제4동,8
286,11545710,시흥제5동,8
287,11560515,영등포본동,20
288,11560535,영등포동,20
289,11560540,여의동,20
290,11560550,당산제1동,20
291,11560560,당산제2동,20
292,11560585,도림동,20
293,11560605,문래동,20
294,11560610,양평제1동,20
295,11560620,양평제2동,20
296,11560630,신길제1동,20
297,11560650,신길제3동,20
298,11560660,신길제4동,20
299,11560670,신길제5동,20
300,11560680,신길제6동,20
301,11560690,신길제7동,20
302,11560700,대림제1동,20
303,11560710,대림제2동,20
304,11560720,대림제3동,20
305,11590510,노량진제1동,12
306,11590520,노량진제2동,12
307,11590530,상도제1동,12
308,11590540,상도제2동,12
309,11590550,상도제3동,12
310,11590560,상도제4동,12
311,11590605,흑석동,12
312,11590620,사당제1동,12
313,11590630,사당제2동,12
314,11590640,사당제3동,12
315,11590650,사당제4동,12
316,11590651,사당제5동,12
317,11590660,대방동,12
318,11590670,신대방제1동,12
319,11590680,신대방제2동,12
320,11620525,보라매동,5
321,11620545,청림동,5
322,11620565,성현동,5
323,11620575,행운동,5
324,11620585,낙성대동,5
325,11620595,청룡동,5
326,11620605,은천동,5
327,11620615,중앙동,5
328,11620625,인헌동,5
329,11620630,남현동,5
330,11620645,서원동,5
331,11620655,신원동,5
332,11620665,서림동,5
333,11620685,신사동,5
334,11620695,신림동,5
335,11620715,난향동,5
336,11620725,조원동,5
337,11620735,대학동,5
338,11620745,삼성동,5
339,11620765,미성동,5
340,11620775,난곡동,5
341,11650510,서초1동,15
342,11650520,서초2동,15
343,11650530,서초3동,15
344,11650531,서초4동,15
345,11650540,잠원동,15
346,11650550,반포본동,15
347,11650560,반포1동,15
348,11650570,반포2동,15
349,11650580,반포3동,15
350,11650581,반포4동,15
351,11650590,방배본동,15
352,11650600,방배1동,15
353,11650610,방배2동,15
354,11650620,방배3동,15
355,11650621,방배4동,15
356,11650651,양재1동,15
357,11650652,양재2동,15
358,11650660,내곡동,15
359,11680510,신사동,1
360,11680521,논현1동,1
361,11680531,논현2동,1
362,11680545,압구정동,1
363,11680565,청담동,1
364,11680580,삼성1동,1
365,11680590,삼성2동,1
366,11680600,대치1동,1
367,11680610,대치2동,1
368,11680630,대치4동,1
369,11680640,역삼1동,1
370,11680650,역삼2동,1
371,11680655,도곡1동,1
372,11680656,도곡2동,1
373,11680660,개포1동,1
374,11680670,개포2동,1
375,11680675,개포3동,1
376,11680690,개포4동,1
377,11680700,세곡동,1
378,11680720,일원본동,1
379,11680730,일원1동,1
380,11680750,수서동,1
381,11710510,풍납1동,18
382,11710520,풍납2동,18
383,11710531,거여1동,18
384,11710532,거여2동,18
385,11710540,마천1동,18
386,11710550,마천2동,18
387,11710561,방이1동,18
388,11710562,방이2동,18
389,11710566,오륜동,18
390,11710570,오금동,18
391,11710580,송파1동,18
392,11710590,송파2동,18
393,11710600,석촌동,18
394,11710610,삼전동,18
395,11710620,가락본동,18
396,11710631,가락1동,18
397,11710632,가락2동,18
398,11710641,문정1동,18
399,11710642,문정2동,18
400,11710646,장지동,18
401,11710647,위례동,18
402,11710650,잠실본동,18
403,11710670,잠실2동,18
404,11710680,잠실3동,18
405,11710690,잠실4동,18
406,11710710,잠실6동,18
407,11710720,잠실7동,18
408,11740515,강일동,2
409,11740525,상일제1동,2
410,11740526,상일제2동,2
411,11740530,명일제1동,2
412,11740540,명일제2동,2
413,11740550,고덕제1동,2
414,11740560,고덕제2동,2
415,11740570,암사제1동,2
416,11740580,암사제2동,2
417,11740590,암사제3동,2
418,11740600,천호제1동,2
419,11740610,천호제2동,2
420,11740620,천호제3동,2
421,11740640,성내제1동,2
422,11740650,성내제2동,2
423,11740660,성내제3동,2
424,11740685,길동,2
425,11740690,둔촌제1동,2
426,11740700,둔촌제2동,2
427,26110510,중앙동,40
428,26110520,동광동,40
429,26110530,대청동,40
430,26110545,보수동,40
431,26110560,부평동,40
432,26110570,광복동,40
433,26110580,남포동,40
434,26110590,영주제1동,40
435,26110600,영주제2동,40
436,26140510,동대신제1동,36
437,26140520,동대신제2동,36
438,26140530,동대신제3동,36
439,26140540,서대신제1동,36
440,26140560,서대신제3동,36
441,26140570,서대신제4동,36
442,26140590,부민동,36
443,26140615,아미동,36
444,26140630,초장동,36
445,26140640,충무동,36
446,26140650,남부민제1동,36
447,26140660,남부민제2동,36
448,26140680,암남동,36
449,26170510,초량제1동,30
450,26170520,초량제2동,30
451,26170530,초량제3동,30
452,26170550,초량제6동,30
453,26170560,수정제1동,30
454,26170570,수정제2동,30
455,26170590,수정제4동,30
456,26170600,수정제5동,30
457,26170645,좌천동,30
458,26170650,범일제1동,30
459,26170660,범일제2동,30
460,26170680,범일제5동,30
461,26200530,남항동,39
462,26200540,영선제1동,39
463,26200550,영선제2동,39
464,26200585,신선동,39
465,26200590,봉래제1동,39
466,26200605,봉래제2동,39
467,26200630,청학제1동,39
468,26200640,청학제2동,39
469,26200650,동삼제1동,39
470,26200660,동삼제2동,39
471,26200670,동삼제3동,39
472,26230510,부전제1동,32
473,26230520,부전제2동,32
474,26230540,연지동,32
475,26230550,초읍동,32
476,26230560,양정제1동,32
477,26230570,양정제2동,32
478,26230600,전포제1동,32
479,26230610,전포제2동,32
480,26230640,부암제1동,32
481,26230660,부암제3동,32
482,26230670,당감제1동,32
483,26230680,당감제2동,32
484,26230700,당감제4동,32
485,26230710,가야제1동,32
486,26230720,가야제2동,32
487,26230740,개금제1동,32
488,26230750,개금제2동,32
489,26230760,개금제3동,32
490,26230770,범천제1동,32
491,26230780,범천제2동,32
492,26260510,수민동,31
493,26260520,복산동,31
494,26260545,명륜동,31
495,26260550,온천제1동,31
496,26260560,온천제2동,31
497,26260570,온천제3동,31
498,26260580,사직제1동,31
499,26260590,사직제2동,31
500,26260600,사직제3동,31
501,26260740,안락제1동,31
502,26260750,안락제2동,31
503,26260761,명장제1동,31
504,26260762,명장제2동,31
505,26290510,대연제1동,29
506,26290530,대연제3동,29
507,26290540,대연제4동,29
508,26290550,대연제5동,29
509,26290560,대연제6동,29
510,26290570,용호제1동,29
511,26290580,용호제2동,29
512,26290590,용호제3동,29
513,26290600,용호제4동,29
514,26290610,용당동,29
515,26290620,감만제1동,29
516,26290630,감만제2동,29
517,26290645,우암동,29
518,26290680,문현제1동,29
519,26290690,문현제2동,29
520,26290700,문현제3동,29
521,26290710,문현제4동,29
522,26320510,구포제1동,33
523,26320520,구포제2동,33
524,26320521,구포제3동,33
525,26320530,금곡동,33
526,26320541,화명제1동,33
527,26320542,화명제2동,33
528,26320543,화명제3동,33
529,26320550,덕천제1동,33
530,26320560,덕천제2동,33
531,26320561,덕천제3동,33
532,26320571,만덕제1동,33
533,26320572,만덕제2동,33
534,26320573,만덕제3동,33
535,26350510,우제1동,41
536,26350520,우제2동,41
537,26350525,우제3동,41
538,26350530,중제1동,41
539,26350540,중제2동,41
540,26350551,좌제1동,41
541,26350552,좌제2동,41
542,26350553,좌제3동,41
543,26350554,좌제4동,41
544,26350560,송정동,41
545,26350570,반여제1동,41
546,26350580,반여제2동,41
547,26350590,반여제3동,41
548,26350595,반여제4동,41
549,26350610,반송제1동,41
550,26350620,반송제2동,41
551,26350650,재송제1동,41
552,26350660,재송제2동,41
553,26380510,괴정제1동,35
554,26380520,괴정제2동,35
555,26380530,괴정제3동,35
556,26380540,괴정제4동,35
557,26380550,당리동,35
558,26380561,하단제1동,35
559,26380562,하단제2동,35
560,26380571,신평제1동,35
561,26380572,신평제2동,35
562,26380580,장림제1동,35
563,26380590,장림제2동,35
564,26380601,다대제1동,35
565,26380602,다대제2동,35
566,26380610,구평동,35
567,26380620,감천제1동,35
568,26380630,감천제2동,35
569,26410510,서제1동,27
570,26410520,서제2동,27
571,26410530,서제3동,27
572,26410555,금사회동동,27
573,26410570,부곡제1동,27
574,26410580,부곡제2동,27
575,26410590,부곡제3동,27
576,26410591,부곡제4동,27
577,26410600,장전제1동,27
578,26410610,장전제2동,27
579,26410635,선두구동,27
580,26410665,청룡노포동,27
581,26410670,남산동,27
582,26410680,구서제1동,27
583,26410690,구서제2동,27
584,26410700,금성동,27
585,26440510,대저1동,26
586,26440520,대저2동,26
587,26440530,강동동,26
588,26440535,명지1동,26
589,26440545,명지2동,26
590,26440550,가락동,26
591,26440560,녹산동,26
592,26440580,가덕도동,26
593,26470610,거제제1동,38
594,26470620,거제제2동,38
595,26470630,거제제3동,38
596,26470640,거제제4동,38
597,26470650,연산제1동,38
598,26470660,연산제2동,38
599,26470670,연산제3동,38
600,26470680,연산제4동,38
601,26470690,연산제5동,38
602,26470700,연산제6동,38
603,26470720,연산제8동,38
604,26470730,연산제9동,38
605,26500660,남천제1동,37
606,26500670,남천제2동,37
607,26500730,수영동,37
608,26500740,망미제1동,37
609,26500750,망미제2동,37
610,26500760,광안제1동,37
611,26500770,광안제2동,37
612,26500780,광안제3동,37
613,26500790,광안제4동,37
614,26500800,민락동,37
615,26530580,삼락동,34
616,26530591,모라제1동,34
617,26530593,모라제3동,34
618,26530600,덕포제1동,34
619,26530610,덕포제2동,34
620,26530620,괘법동,34
621,26530645,감전동,34
622,26530650,주례제1동,34
623,26530660,주례제2동,34
624,26530661,주례제3동,34
625,26530670,학장동,34
626,26530680,엄궁동,34
627,26710250,기장읍,28
628,26710253,장안읍,28
629,26710256,정관읍,28
630,26710259,일광읍,28
631,26710330,철마면,28
632,27110517,동인동,49
633,27110545,삼덕동,49
634,27110565,성내1동,49
635,27110575,성내2동,49
636,27110585,성내3동,49
637,27110595,대신동,49
638,27110640,남산1동,49
639,27110650,남산2동,49
640,27110660,남산3동,49
641,27110670,남산4동,49
642,27110680,대봉1동,49
643,27110690,대봉2동,49
644,27140510,신암1동,45
645,27140520,신암2동,45
646,27140530,신암3동,45
647,27140540,신암4동,45
648,27140541,신암5동,45
649,27140555,신천1.2동,45
650,27140570,신천3동,45
651,27140580,신천4동,45
652,27140590,효목1동,45
653,27140600,효목2동,45
654,27140615,도평동,45
655,27140620,불로.봉무동,45
656,27140640,지저동,45
657,27140655,동촌동,45
658,27140670,방촌동,45
659,27140685,해안동,45
660,27140720,안심1동,45
661,27140730,안심2동,45
662,27140742,안심3동,45
663,27140747,안심4동,45
664,27140755,혁신동,45
665,27140760,공산동,45
666,27170510,내당1동,47
667,27170525,내당2.3동,47
668,27170540,내당4동,47
669,27170550,비산1동,47
670,27170565,비산2.3동,47
671,27170580,비산4동,47
672,27170590,비산5동,47
673,27170600,비산6동,47
674,27170610,비산7동,47
675,27170620,평리1동,47
676,27170630,평리2동,47
677,27170640,평리3동,47
678,27170650,평리4동,47
679,27170660,평리5동,47
680,27170661,평리6동,47
681,27170675,상중이동,47
682,27170695,원대동,47
683,27200515,이천동,42
684,27200530,봉덕1동,42
685,27200540,봉덕2동,42
686,27200550,봉덕3동,42
687,27200560,대명1동,42
688,27200571,대명2동,42
689,27200586,대명3동,42
690,27200590,대명4동,42
691,27200600,대명5동,42
692,27200610,대명6동,42
693,27200640,대명9동,42
694,27200650,대명10동,42
695,27200660,대명11동,42
696,27230510,고성동,46
697,27230526,칠성동,46
698,27230550,침산1동,46
699,27230560,침산2동,46
700,27230570,침산3동,46
701,27230610,산격1동,46
702,27230620,산격2동,46
703,27230630,산격3동,46
704,27230631,산격4동,46
705,27230645,대현동,46
706,27230671,복현1동,46
707,27230672,복현2동,46
708,27230680,검단동,46
709,27230695,무태조야동,46
710,27230715,관문동,46
711,27230725,태전1동,46
712,27230735,태전2동,46
713,27230745,구암동,46
714,27230750,관음동,46
715,27230770,읍내동,46
716,27230780,동천동,46
717,27230790,노원동,46
718,27230800,국우동,46
719,27260510,범어1동,48
720,27260520,범어2동,48
721,27260530,범어3동,48
722,27260540,범어4동,48
723,27260550,만촌1동,48
724,27260560,만촌2동,48
725,27260561,만촌3동,48
726,27260570,수성1가동,48
727,27260580,수성2.3가동,48
728,27260590,수성4가동,48
729,27260601,황금1동,48
730,27260602,황금2동,48
731,27260610,중동,48
732,27260620,상동,48
733,27260630,파동,48
734,27260640,두산동,48
735,27260651,지산1동,48
736,27260652,지산2동,48
737,27260661,범물1동,48
738,27260662,범물2동,48
739,27260670,고산1동,48
740,27260680,고산2동,48
741,27260690,고산3동,48
742,27290515,성당동,43
743,27290535,두류1.2동,43
744,27290550,두류3동,43
745,27290555,감삼동,43
746,27290563,죽전동,43
747,27290568,장기동,43
748,27290571,용산1동,43
749,27290572,용산2동,43
750,27290576,이곡1동,43
751,27290577,이곡2동,43
752,27290585,신당동,43
753,27290590,본리동,43
754,27290601,월성1동,43
755,27290602,월성2동,43
756,27290615,진천동,43
757,27290617,유천동,43
758,27290624,상인1동,43
759,27290625,상인2동,43
760,27290626,상인3동,43
761,27290628,도원동,43
762,27290630,송현1동,43
763,27290640,송현2동,43
764,27290650,본동,43
765,27710250,화원읍,44
766,27710253,논공읍,44
767,27710254,논공읍공단출장소,44
768,27710256,다사읍,44
769,27710257,다사읍서재출장소,44
770,27710259,유가읍,44
771,27710262,옥포읍,44
772,27710265,현풍읍,44
773,27710310,가창면,44
774,27710330,하빈면,44
775,27710380,구지면,44
776,28110520,연안동,59
777,28110530,신포동,59
778,28110540,신흥동,59
779,28110560,도원동,59
780,28110570,율목동,59
781,28110585,동인천동,59
782,28110615,개항동,59
783,28110620,영종동,59
784,28110622,영종1동,59
785,28110628,운서동,59
786,28110630,용유동,59
787,28140510,만석동,53
788,28140525,화수1.화평동,53
789,28140530,화수2동,53
790,28140555,송현1.2동,53
791,28140570,송현3동,53
792,28140580,송림1동,53
793,28140590,송림2동,53
794,28140605,송림3.5동,53
795,28140610,송림4동,53
796,28140630,송림6동,53
797,28140640,금창동,53
798,28177510,숭의2동,54
799,28177520,숭의1.3동,54
800,28177530,숭의4동,54
801,28177540,용현1.4동,54
802,28177550,용현2동,54
803,28177560,용현3동,54
804,28177570,용현5동,54
805,28177580,학익1동,54
806,28177590,학익2동,54
807,28177600,도화1동,54
808,28177610,도화2.3동,54
809,28177620,주안1동,54
810,28177630,주안2동,54
811,28177640,주안3동,54
812,28177650,주안4동,54
813,28177660,주안5동,54
814,28177670,주안6동,54
815,28177680,주안7동,54
816,28177690,주안8동,54
817,28177700,관교동,54
818,28177710,문학동,54
819,28185630,옥련1동,57
820,28185640,옥련2동,57
821,28185750,선학동,57
822,28185761,연수1동,57
823,28185762,연수2동,57
824,28185763,연수3동,57
825,28185766,청학동,57
826,28185780,동춘1동,57
827,28185790,동춘2동,57
828,28185795,동춘3동,57
829,28185820,송도1동,57
830,28185830,송도2동,57
831,28185840,송도3동,57
832,28185850,송도4동,57
833,28185860,송도5동,57
834,28200510,구월1동,52
835,28200520,구월2동,52
836,28200521,구월3동,52
837,28200522,구월4동,52
838,28200530,간석1동,52
839,28200540,간석2동,52
840,28200550,간석3동,52
841,28200551,간석4동,52
842,28200560,만수1동,52
843,28200570,만수2동,52
844,28200580,만수3동,52
845,28200581,만수4동,52
846,28200582,만수5동,52
847,28200583,만수6동,52
848,28200650,장수서창동,52
849,28200655,서창2동,52
850,28200660,남촌도림동,52
851,28200690,논현1동,52
852,28200700,논현2동,52
853,28200710,논현고잔동,52
854,28237510,부평1동,55
855,28237520,부평2동,55
856,28237530,부평3동,55
857,28237540,부평4동,55
858,28237550,부평5동,55
859,28237560,부평6동,55
860,28237570,산곡1동,55
861,28237580,산곡2동,55
862,28237581,산곡3동,55
863,28237582,산곡4동,55
864,28237591,청천1동,55
865,28237592,청천2동,55
866,28237641,갈산1동,55
867,28237642,갈산2동,55
868,28237646,삼산1동,55
869,28237648,삼산2동,55
870,28237650,부개1동,55
871,28237660,부개2동,55
872,28237661,부개3동,55
873,28237670,일신동,55
874,28237680,십정1동,55
875,28237690,십정2동,55
876,28245601,효성1동,51
877,28245602,효성2동,51
878,28245611,계산1동,51
879,28245612,계산2동,51
880,28245613,계산3동,51
881,28245614,계산4동,51
882,28245621,작전1동,51
883,28245622,작전2동,51
884,28245640,작전서운동,51
885,28245710,계양1동,51
886,28245720,계양2동,51
887,28245730,계양3동,51
888,28260515,검암경서동,56
889,28260530,연희동,56
890,28260536,청라1동,56
891,28260537,청라2동,56
892,28260539,청라3동,56
893,28260542,가정1동,56
894,28260543,가정2동,56
895,28260544,가정3동,56
896,28260550,석남1동,56
897,28260560,석남2동,56
898,28260561,석남3동,56
899,28260575,신현원창동,56
900,28260580,가좌1동,56
901,28260590,가좌2동,56
902,28260600,가좌3동,56
903,28260610,가좌4동,56
904,28260680,검단동,56
905,28260690,불로대곡동,56
906,28260700,원당동,56
907,28260710,당하동,56
908,28260720,오류왕길동,56
909,28260730,마전동,56
910,28260740,아라동,56
911,28710250,강화읍,50
912,28710310,선원면,50
913,28710320,불은면,50
914,28710330,길상면,50
915,28710340,화도면,50
916,28710350,양도면,50
917,28710360,내가면,50
918,28710370,하점면,50
919,28710380,양사면,50
920,28710390,송해면,50
921,28710400,교동면,50
922,28710410,삼산면,50
923,28710420,서도면,50
924,28710425,서도면볼음출장소,50
925,28720310,북도면,58
926,28720315,북도면장봉출장소,58
927,28720330,백령면,58
928,28720340,대청면,58
929,28720345,대청면소청출장소,58
930,28720350,덕적면,58
931,28720360,영흥면,58
932,28720370,자월면,58
933,28720375,자월면이작출장소,58
934,28720380,연평면,58
935,29110525,충장동,62
936,29110545,동명동,62
937,29110560,계림1동,62
938,29110570,계림2동,62
939,29110590,산수1동,62
940,29110600,산수2동,62
941,29110620,지산1동,62
942,29110630,지산2동,62
943,29110655,서남동,62
944,29110685,학동,62
945,29110710,학운동,62
946,29110730,지원1동,62
947,29110740,지원2동,62
948,29140575,양동,64
949,29140590,양3동,64
950,29140650,농성1동,64
951,29140660,농성2동,64
952,29140730,광천동,64
953,29140740,유덕동,64
954,29140745,치평동,64
955,29140751,상무1동,64
956,29140752,상무2동,64
957,29140760,화정1동,64
958,29140770,화정2동,64
959,29140780,화정3동,64
960,29140790,화정4동,64
961,29140800,서창동,64
962,29140821,금호1동,64
963,29140824,금호2동,64
964,29140830,풍암동,64
965,29140840,동천동,64
966,29155510,양림동,61
967,29155520,방림1동,61
968,29155530,방림2동,61
969,29155537,봉선1동,61
970,29155538,봉선2동,61
971,29155545,사직동,61
972,29155605,월산동,61
973,29155630,월산4동,61
974,29155640,월산5동,61
975,29155670,백운1동,61
976,29155680,백운2동,61
977,29155690,주월1동,61
978,29155700,주월2동,61
979,29155705,진월동,61
980,29155710,효덕동,61
981,29155720,송암동,61
982,29155730,대촌동,61
983,29170510,중흥1동,63
984,29170520,중흥2동,63
985,29170530,중흥3동,63
986,29170555,중앙동,63
987,29170570,임동,63
988,29170580,신안동,63
989,29170590,용봉동,63
990,29170601,운암1동,63
991,29170602,운암2동,63
992,29170603,운암3동,63
993,29170615,동림동,63
994,29170620,우산동,63
995,29170635,풍향동,63
996,29170650,문화동,63
997,29170656,문흥1동,63
998,29170657,문흥2동,63
999,29170661,두암1동,63
1000,29170662,두암2동,63
1001,29170663,두암3동,63
1002,29170666,삼각동,63
1003,29170669,일곡동,63
1004,29170673,매곡동,63
1005,29170676,오치1동,63
1006,29170677,오치2동,63
1007,29170685,석곡동,63
1008,29170695,건국동,63
1009,29170696,양산동,63
1010,29170697,신용동,63
1011,29200515,송정1동,60
1012,29200525,송정2동,60
1013,29200540,도산동,60
1014,29200550,신흥동,60
1015,29200565,어룡동,60
1016,29200580,우산동,60
1017,29200600,월곡1동,60
1018,29200610,월곡2동,60
1019,29200620,비아동,60
1020,29200624,첨단1동,60
1021,29200626,첨단2동,60
1022,29200630,신가동,60
1023,29200635,운남동,60
1024,29200637,수완동,60
1025,29200640,하남동,60
1026,29200650,임곡동,60
1027,29200660,동곡동,60
1028,29200670,평동,60
1029,29200680,삼도동,60
1030,29200690,본량동,60
1031,29200700,신창동,60
1032,30110515,중앙동,66
1033,30110530,효동,66
1034,30110545,신인동,66
1035,30110551,판암1동,66
1036,30110552,판암2동,66
1037,30110560,용운동,66
1038,30110585,대동,66
1039,30110590,자양동,66
1040,30110620,가양1동,66
1041,30110630,가양2동,66
1042,30110640,용전동,66
1043,30110665,성남동,66
1044,30110670,홍도동,66
1045,30110695,삼성동,66
1046,30110725,대청동,66
1047,30110740,산내동,66
1048,30140535,은행선화동,69
1049,30140550,목동,69
1050,30140560,중촌동,69
1051,30140575,대흥동,69
1052,30140605,문창동,69
1053,30140620,석교동,69
1054,30140630,대사동,69
1055,30140640,부사동,69
1056,30140655,용두동,69
1057,30140670,오류동,69
1058,30140680,태평1동,69
1059,30140690,태평2동,69
1060,30140700,유천1동,69
1061,30140710,유천2동,69
1062,30140720,문화1동,69
1063,30140730,문화2동,69
1064,30140740,산성동,69
1065,30170510,복수동,67
1066,30170520,도마1동,67
1067,30170530,도마2동,67
1068,30170535,정림동,67
1069,30170540,변동,67
1070,30170550,용문동,67
1071,30170555,탄방동,67
1072,30170560,괴정동,67
1073,30170570,가장동,67
1074,30170575,내동,67
1075,30170581,갈마1동,67
1076,30170582,갈마2동,67
1077,30170586,월평1동,67
1078,30170587,월평2동,67
1079,30170588,월평3동,67
1080,30170590,가수원동,67
1081,30170593,도안동,67
1082,30170596,관저1동,67
1083,30170597,관저2동,67
1084,30170600,기성동,67
1085,30170630,둔산1동,67
1086,30170640,둔산2동,67
1087,30170650,만년동,67
1088,30170660,둔산3동,67
1089,30200520,진잠동,68
1090,30200526,학하동,68
1091,30200527,상대동,68
1092,30200530,온천1동,68
1093,30200540,온천2동,68
1094,30200546,노은1동,68
1095,30200547,노은2동,68
1096,30200548,노은3동,68
1097,30200550,신성동,68
1098,30200570,전민동,68
1099,30200580,구즉동,68
1100,30200600,관평동,68
1101,30200610,원신흥동,68
1102,30230510,오정동,65
1103,30230520,대화동,65
1104,30230525,회덕동,65
1105,30230533,비래동,65
1106,30230543,송촌동,65
1107,30230546,중리동,65
1108,30230550,신탄진동,65
1109,30230560,석봉동,65
1110,30230570,덕암동,65
1111,30230580,목상동,65
1112,30230600,법1동,65
1113,30230610,법2동,65
1114,31110510,학성동,74
1115,31110520,반구1동,74
1116,31110530,반구2동,74
1117,31110540,복산1동,74
1118,31110550,복산2동,74
1119,31110585,중앙동,74
1120,31110590,우정동,74
1121,31110600,태화동,74
1122,31110610,다운동,74
1123,31110620,병영1동,74
1124,31110630,병영2동,74
1125,31110640,약사동,74
1126,31110650,성안동,74
1127,31140510,신정1동,70
1128,31140520,신정2동,70
1129,31140530,신정3동,70
1130,31140540,신정4동,70
1131,31140550,신정5동,70
1132,31140560,달동,70
1133,31140570,삼산동,70
1134,31140585,삼호동,70
1135,31140595,무거동,70
1136,31140600,옥동,70
1137,31140625,대현동,70
1138,31140635,수암동,70
1139,31140640,선암동,70
1140,31140670,야음장생포동,70
1141,31170510,방어동,71
1142,31170520,일산동,71
1143,31170530,화정동,71
1144,31170540,대송동,71
1145,31170550,전하1동,71
1146,31170560,전하2동,71
1147,31170580,남목1동,71
1148,31170590,남목2동,71
1149,31170600,남목3동,71
1150,31200510,농소1동,72
1151,31200520,농소2동,72
1152,31200530,농소3동,72
1153,31200540,강동동,72
1154,31200560,효문동,72
1155,31200570,송정동,72
1156,31200580,양정동,72
1157,31200590,염포동,72
1158,31710250,온산읍,73
1159,31710253,언양읍,73
1160,31710256,온양읍,73
1161,31710259,범서읍,73
1162,31710262,청량읍,73
1163,31710265,삼남읍,73
1164,31710310,서생면,73
1165,31710340,웅촌면,73
1166,31710360,두동면,73
1167,31710370,두서면,73
1168,31710380,상북면,73
1169,31710400,삼동면,73
1170,36110250,조치원읍,75
1171,36110310,연기면,75
1172,36110320,연동면,75
1173,36110330,부강면,75
1174,36110340,금남면,75
1175,36110350,장군면,75
1176,36110360,연서면,75
1177,36110370,전의면,75
1178,36110380,전동면,75
1179,36110390,소정면,75
1180,36110510,한솔동,75
1181,36110515,새롬동,75
1182,36110520,도담동,75
1183,36110525,해밀동,75
1184,36110530,아름동,75
1185,36110540,종촌동,75
1186,36110550,고운동,75
1187,36110555,소담동,75
1188,36110556,반곡동,75
1189,36110560,보람동,75
1190,36110570,대평동,75
1191,36110580,다정동,75
1192,41111560,파장동,94
1193,41111566,율천동,94
1194,41111571,정자1동,94
1195,41111572,정자2동,94
1196,41111573,정자3동,94
1197,41111580,영화동,94
1198,41111591,송죽동,94
1199,41111597,조원1동,94
1200,41111598,조원2동,94
1201,41111600,연무동,94
1202,41113520,세류1동,92
1203,41113530,세류2동,92
1204,41113540,세류3동,92
1205,41113550,평동,92
1206,41113560,서둔동,92
1207,41113650,구운동,92
1208,41113662,금곡동,92
1209,41113664,호매실동,92
1210,41113670,권선1동,92
1211,41113680,권선2동,92
1212,41113690,곡선동,92
1213,41113700,입북동,92
1214,41115650,매교동,95
1215,41115660,매산동,95
1216,41115670,고등동,95
1217,41115680,화서1동,95
1218,41115690,화서2동,95
1219,41115700,지동,95
1220,41115710,우만1동,95
1221,41115720,우만2동,95
1222,41115730,인계동,95
1223,41115740,행궁동,95
1224,41117510,매탄1동,93
1225,41117520,매탄2동,93
1226,41117530,매탄3동,93
1227,41117540,매탄4동,93
1228,41117550,원천동,93
1229,41117570,영통1동,93
1230,41117580,영통2동,93
1231,41117585,영통3동,93
1232,41117593,망포1동,93
1233,41117596,망포2동,93
1234,41117600,광교1동,93
1235,41117610,광교2동,93
1236,41131510,신흥1동,90
1237,41131520,신흥2동,90
1238,41131530,신흥3동,90
1239,41131540,태평1동,90
1240,41131550,태평2동,90
1241,41131560,태평3동,90
1242,41131561,태평4동,90
1243,41131570,수진1동,90
1244,41131580,수진2동,90
1245,41131590,단대동,90
1246,41131600,산성동,90
1247,41131610,양지동,90
1248,41131620,복정동,90
1249,41131625,위례동,90
1250,41131630,신촌동,90
1251,41131640,고등동,90
1252,41131650,시흥동,90
1253,41133510,성남동,91
1254,41133525,중앙동,91
1255,41133530,금광1동,91
1256,41133540,금광2동,91
1257,41133550,은행1동,91
1258,41133560,은행2동,91
1259,41133570,상대원1동,91
1260,41133580,상대원2동,91
1261,41133590,상대원3동,91
1262,41133660,하대원동,91
1263,41133670,도촌동,91
1264,41135510,분당동,89
1265,41135520,수내1동,89
1266,41135530,수내2동,89
1267,41135540,수내3동,89
1268,41135545,정자동,89
1269,41135550,정자1동,89
1270,41135560,정자2동,89
1271,41135570,정자3동,89
1272,41135580,서현1동,89
1273,41135590,서현2동,89
1274,41135600,이매1동,89
1275,41135610,이매2동,89
1276,41135620,야탑1동,89
1277,41135630,야탑2동,89
1278,41135640,야탑3동,89
1279,41135650,판교동,89
1280,41135655,삼평동,89
1281,41135657,백현동,89
1282,41135662,금곡동,89
1283,41135665,구미1동,89
1284,41135670,구미동,89
1285,41135680,운중동,89
1286,41150510,의정부1동,111
1287,41150520,의정부2동,111
1288,41150545,호원1동,111
1289,41150555,호원2동,111
1290,41150561,장암동,111
1291,41150567,신곡1동,111
1292,41150568,신곡2동,111
1293,41150573,송산1동,111
1294,41150576,송산2동,111
1295,41150578,송산3동,111
1296,41150580,자금동,111
1297,41150595,가능동,111
1298,41150615,흥선동,111
1299,41150620,녹양동,111
1300,41171510,안양1동,101
1301,41171520,안양2동,101
1302,41171530,안양3동,101
1303,41171540,안양4동,101
1304,41171550,안양5동,101
1305,41171560,안양6동,101
1306,41171570,안양7동,101
1307,41171580,안양8동,101
1308,41171581,안양9동,101
1309,41171590,석수1동,101
1310,41171600,석수2동,101
1311,41171610,석수3동,101
1312,41171621,박달1동,101
1313,41171630,박달2동,101
1314,41173510,비산1동,100
1315,41173520,비산2동,100
1316,41173530,비산3동,100
1317,41173540,부흥동,100
1318,41173546,달안동,100
1319,41173550,관양1동,100
1320,41173560,관양2동,100
1321,41173566,부림동,100
1322,41173570,평촌동,100
1323,41173576,평안동,100
1324,41173578,귀인동,100
1325,41173580,호계1동,100
1326,41173590,호계2동,100
1327,41173600,호계3동,100
1328,41173610,범계동,100
1329,41173620,신촌동,100
1330,41173630,갈산동,100
1331,41190603,심곡동,88
1332,41190606,부천동,88
1333,41190610,중동,88
1334,41190742,신중동,88
1335,41190744,상동,88
1336,41190746,대산동,88
1337,41190750,소사본동,88
1338,41190795,범안동,88
1339,41190800,성곡동,88
1340,41190830,오정동,88
1341,41210510,광명1동,81
1342,41210520,광명2동,81
1343,41210540,광명3동,81
1344,41210550,광명4동,81
1345,41210560,광명5동,81
1346,41210570,광명6동,81
1347,41210580,광명7동,81
1348,41210590,철산1동,81
1349,41210600,철산2동,81
1350,41210610,철산3동,81
1351,41210620,철산4동,81
1352,41210631,하안1동,81
1353,41210632,하안2동,81
1354,41210633,하안3동,81
1355,41210634,하안4동,81
1356,41210640,소하1동,81
1357,41210650,소하2동,81
1358,41210655,일직동,81
1359,41210660,학온동,81
1360,41220250,팽성읍,114
1361,41220253,안중읍,114
1362,41220256,포승읍,114
1363,41220259,청북읍,114
1364,41220310,진위면,114
1365,41220320,서탄면,114
1366,41220330,고덕면,114
1367,41220340,오성면,114
1368,41220370,현덕면,114
1369,41220510,중앙동,114
1370,41220520,서정동,114
1371,41220535,송탄동,114
1372,41220550,지산동,114
1373,41220560,송북동,114
1374,41220570,신장1동,114
1375,41220580,신장2동,114
1376,41220590,신평동,114
1377,41220600,원평동,114
1378,41220610,통복동,114
1379,41220620,비전1동,114
1380,41220630,비전2동,114
1381,41220635,용이동,114
1382,41220640,세교동,114
1383,41220650,동삭동,114
1384,41220660,고덕동,114
1385,41250510,생연1동,87
1386,41250520,생연2동,87
1387,41250535,중앙동,87
1388,41250550,보산동,87
1389,41250565,불현동,87
1390,41250566,송내동,87
1391,41250580,소요동,87
1392,41250600,상패동,87
1393,41271510,일동,98
1394,41271515,이동,98
1395,41271525,사동,98
1396,41271532,사이동,98
1397,41271537,해양동,98
1398,41271540,본오1동,98
1399,41271550,본오2동,98
1400,41271560,본오3동,98
1401,41271570,부곡동,98
1402,41271580,월피동,98
1403,41271590,성포동,98
1404,41271600,반월동,98
1405,41271610,안산동,98
1406,41273510,와동,97
1407,41273525,고잔동,97
1408,41273532,중앙동,97
1409,41273535,호수동,97
1410,41273545,원곡동,97
1411,41273555,백운동,97
1412,41273565,신길동,97
1413,41273570,초지동,97
1414,41273580,선부1동,97
1415,41273590,선부2동,97
1416,41273600,선부3동,97
1417,41273610,대부동,97
1418,41281510,주교동,77
1419,41281520,원신동,77
1420,41281530,흥도동,77
1421,41281540,성사1동,77
1422,41281550,성사2동,77
1423,41281560,효자동,77
1424,41281576,삼송1동,77
1425,41281577,삼송2동,77
1426,41281580,창릉동,77
1427,41281590,고양동,77
1428,41281600,관산동,77
1429,41281610,능곡동,77
1430,41281621,화정1동,77
1431,41281622,화정2동,77
1432,41281630,행주동,77
1433,41281640,행신1동,77
1434,41281650,행신2동,77
1435,41281655,행신3동,77
1436,41281656,행신4동,77
1437,41281660,화전동,77
1438,41281670,대덕동,77
1439,41285510,식사동,78
1440,41285525,중산1동,78
1441,41285526,중산2동,78
1442,41285530,정발산동,78
1443,41285540,풍산동,78
1444,41285551,백석1동,78
1445,41285552,백석2동,78
1446,41285560,마두1동,78
1447,41285570,마두2동,78
1448,41285580,장항1동,78
1449,41285590,장항2동,78
1450,41285600,고봉동,78
1451,41287510,일산1동,79
1452,41287520,일산2동,79
1453,41287530,일산3동,79
1454,41287545,탄현1동,79
1455,41287546,탄현2동,79
1456,41287550,주엽1동,79
1457,41287560,주엽2동,79
1458,41287570,대화동,79
1459,41287580,송포동,79
1460,41287600,덕이동,79
1461,41287610,가좌동,79
1462,41290510,중앙동,80
1463,41290520,갈현동,80
1464,41290530,별양동,80
1465,41290540,부림동,80
1466,41290550,과천동,80
1467,41290560,문원동,80
1468,41310510,갈매동,83
1469,41310520,동구동,83
1470,41310530,인창동,83
1471,41310541,교문1동,83
1472,41310542,교문2동,83
1473,41310570,수택1동,83
1474,41310580,수택2동,83
1475,41310590,수택3동,83
1476,41360250,와부읍,86
1477,41360253,진접읍,86
1478,41360256,화도읍,86
1479,41360257,화도읍동부출장소,86
1480,41360258,화도읍남부출장소,86
1481,41360259,진건읍,86
1482,41360262,오남읍,86
1483,41360265,퇴계원읍,86
1484,41360310,별내면,86
1485,41360340,수동면,86
1486,41360360,조안면,86
1487,41360510,호평동,86
1488,41360520,평내동,86
1489,41360530,금곡동,86
1490,41360540,양정동,86
1491,41360545,다산1동,86
1492,41360565,다산2동,86
1493,41360570,별내동,86
1494,41370510,중앙동,106
1495,41370530,남촌동,106
1496,41370540,신장동,106
1497,41370550,세마동,106
1498,41370560,초평동,106
1499,41370570,대원동,106
1500,41390510,대야동,96
1501,41390520,신천동,96
1502,41390531,신현동,96
1503,41390540,은행동,96
1504,41390550,매화동,96
1505,41390570,목감동,96
1506,41390581,군자동,96
1507,41390582,월곶동,96
1508,41390589,정왕본동,96
1509,41390591,정왕1동,96
1510,41390592,정왕2동,96
1511,41390593,정왕3동,96
1512,41390594,정왕4동,96
1513,41390596,배곧1동,96
1514,41390597,배곧2동,96
1515,41390621,과림동,96
1516,41390630,연성동,96
1517,41390631,장곡동,96
1518,41390640,능곡동,96
1519,41410510,군포1동,84
1520,41410520,군포2동,84
1521,41410540,산본1동,84
1522,41410550,산본2동,84
1523,41410560,금정동,84
1524,41410570,재궁동,84
1525,41410580,오금동,84
1526,41410590,수리동,84
1527,41410600,궁내동,84
1528,41410610,대야동,84
1529,41410620,광정동,84
1530,41410630,송부동,84
1531,41430510,고천동,110
1532,41430520,부곡동,110
1533,41430530,오전동,110
1534,41430540,내손1동,110
1535,41430550,내손2동,110
1536,41430560,청계동,110
1537,41450510,천현동,116
1538,41450520,신장1동,116
1539,41450530,신장2동,116
1540,41450540,덕풍1동,116
1541,41450550,덕풍2동,116
1542,41450560,덕풍3동,116
1543,41450570,풍산동,116
1544,41450580,감북동,116
1545,41450582,감일동,116
1546,41450585,위례동,116
1547,41450590,춘궁동,116
1548,41450600,초이동,116
1549,41450610,미사1동,116
1550,41450620,미사2동,116
1551,41461250,포곡읍,109
1552,41461253,모현읍,109
1553,41461256,이동읍,109
1554,41461259,남사읍,109
1555,41461340,원삼면,109
1556,41461350,백암면,109
1557,41461360,양지면,109
1558,41461510,중앙동,109
1559,41461525,역북동,109
1560,41461526,삼가동,109
1561,41461530,유림동,109
1562,41461540,동부동,109
1563,41463510,신갈동,107
1564,41463516,영덕1동,107
1565,41463517,영덕2동,107
1566,41463520,구갈동,107
1567,41463530,상갈동,107
1568,41463535,보라동,107
1569,41463540,기흥동,107
1570,41463550,서농동,107
1571,41463560,구성동,107
1572,41463570,마북동,107
1573,41463572,동백1동,107
1574,41463575,동백2동,107
1575,41463577,동백3동,107
1576,41463586,상하동,107
1577,41463590,보정동,107
1578,41465510,풍덕천1동,108
1579,41465520,풍덕천2동,108
1580,41465530,신봉동,108
1581,41465540,죽전1동,108
1582,41465550,죽전2동,108
1583,41465555,죽전3동,108
1584,41465560,동천동,108
1585,41465570,상현1동,108
1586,41465580,상현2동,108
1587,41465585,상현3동,108
1588,41465590,성복동,108
1589,41480250,문산읍,113
1590,41480253,파주읍,113
1591,41480256,법원읍,113
1592,41480262,조리읍,113
1593,41480310,월롱면,113
1594,41480320,탄현면,113
1595,41480350,광탄면,113
1596,41480360,파평면,113
1597,41480370,적성면,113
1598,41480390,장단면,113
1599,41480510,금촌1동,113
1600,41480520,금촌2동,113
1601,41480530,금촌3동,113
1602,41480540,교하동,113
1603,41480550,운정1동,113
1604,41480560,운정2동,113
1605,41480570,운정3동,113
1606,41480580,운정4동,113
1607,41480590,운정5동,113
1608,41480600,운정6동,113
1609,41500250,장호원읍,112
1610,41500253,부발읍,112
1611,41500310,신둔면,112
1612,41500320,백사면,112
1613,41500330,호법면,112
1614,41500340,마장면,112
1615,41500350,대월면,112
1616,41500360,모가면,112
1617,41500370,설성면,112
1618,41500380,율면,112
1619,41500510,창전동,112
1620,41500515,증포동,112
1621,41500520,중리동,112
1622,41500530,관고동,112
1623,41550250,공도읍,99
1624,41550310,보개면,99
1625,41550320,금광면,99
1626,41550330,서운면,99
1627,41550340,미양면,99
1628,41550350,대덕면,99
1629,41550360,양성면,99
1630,41550380,원곡면,99
1631,41550390,일죽면,99
1632,41550400,죽산면,99
1633,41550410,삼죽면,99
1634,41550420,고삼면,99
1635,41550510,안성1동,99
1636,41550520,안성2동,99
1637,41550530,안성3동,99
1638,41570250,통진읍,85
1639,41570253,고촌읍,85
1640,41570256,양촌읍,85
1641,41570340,대곶면,85
1642,41570350,월곶면,85
1643,41570360,하성면,85
1644,41570515,김포본동,85
1645,41570525,장기본동,85
1646,41570540,사우동,85
1647,41570550,풍무동,85
1648,41570560,장기동,85
1649,41570570,구래동,85
1650,41570575,마산동,85
1651,41570580,운양동,85
1652,41590253,봉담읍,117
1653,41590256,우정읍,117
1654,41590259,향남읍,117
1655,41590262,남양읍,117
1656,41590310,매송면,117
1657,41590320,비봉면,117
1658,41590330,마도면,117
1659,41590340,송산면,117
1660,41590350,서신면,117
1661,41590360,팔탄면,117
1662,41590370,장안면,117
1663,41590400,양감면,117
1664,41590410,정남면,117
1665,41590515,새솔동,117
1666,41590520,진안동,117
1667,41590530,병점1동,117
1668,41590540,병점2동,117
1669,41590550,반월동,117
1670,41590560,기배동,117
1671,41590570,화산동,117
1672,41590585,동탄1동,117
1673,41590586,동탄2동,117
1674,41590587,동탄3동,117
1675,41590588,동탄4동,117
1676,41590590,동탄5동,117
1677,41590600,동탄6동,117
1678,41590610,동탄7동,117
1679,41590620,동탄8동,117
1680,41610253,초월읍,82
1681,41610259,곤지암읍,82
1682,41610330,도척면,82
1683,41610340,퇴촌면,82
1684,41610350,남종면,82
1685,41610370,남한산성면,82
1686,41610510,경안동,82
1687,41610520,송정동,82
1688,41610540,쌍령동,82
1689,41610550,탄벌동,82
1690,41610560,광남1동,82
1691,41610570,광남2동,82
1692,41610580,오포1동,82
1693,41610590,오포2동,82
1694,41610600,신현동,82
1695,41610610,능평동,82
1696,41630250,백석읍,102
1697,41630310,은현면,102
1698,41630320,남면,102
1699,41630330,광적면,102
1700,41630340,장흥면,102
1701,41630510,양주1동,102
1702,41630520,양주2동,102
1703,41630530,회천1동,102
1704,41630540,회천2동,102
1705,41630550,회천3동,102
1706,41630560,회천4동,102
1707,41650250,소흘읍,115
1708,41650310,군내면,115
1709,41650320,내촌면,115
1710,41650330,가산면,115
1711,41650340,신북면,115
1712,41650350,창수면,115
1713,41650360,영중면,115
1714,41650370,일동면,115
1715,41650380,이동면,115
1716,41650390,영북면,115
1717,41650400,관인면,115
1718,41650410,화현면,115
1719,41650510,포천동,115
1720,41650520,선단동,115
1721,41670250,가남읍,104
1722,41670310,점동면,104
1723,41670320,흥천면,104
1724,41670330,금사면,104
1725,41670345,세종대왕면,104
1726,41670350,대신면,104
1727,41670360,북내면,104
1728,41670370,강천면,104
1729,41670380,산북면,104
1730,41670510,여흥동,104
1731,41670520,중앙동,104
1732,41670530,오학동,104
1733,41800250,연천읍,105
1734,41800253,전곡읍,105
1735,41800310,군남면,105
1736,41800320,청산면,105
1737,41800330,백학면,105
1738,41800340,미산면,105
1739,41800350,왕징면,105
1740,41800360,신서면,105
1741,41800370,중면,105
1742,41800380,장남면,105
1743,41820250,가평읍,76
1744,41820310,설악면,76
1745,41820325,청평면,76
1746,41820330,상면,76
1747,41820345,조종면,76
1748,41820350,북면,76
1749,41830250,양평읍,103
1750,41830310,강상면,103
1751,41830320,강하면,103
1752,41830330,양서면,103
1753,41830340,옥천면,103
1754,41830350,서종면,103
1755,41830360,단월면,103
1756,41830370,청운면,103
1757,41830380,양동면,103
1758,41830395,지평면,103
1759,41830400,용문면,103
1760,41830410,개군면,103
1761,42110250,신북읍,130
1762,42110310,동면,130
1763,42110320,동산면,130
1764,42110330,신동면,130
1765,42110340,남면,130
1766,42110350,서면,130
1767,42110360,사북면,130
1768,42110380,북산면,130
1769,42110390,동내면,130
1770,42110400,남산면,130
1771,42110520,교동,130
1772,42110530,조운동,130
1773,42110545,약사명동,130
1774,42110570,근화동,130
1775,42110580,소양동,130
1776,42110600,후평1동,130
1777,42110610,후평2동,130
1778,42110611,후평3동,130
1779,42110620,효자1동,130
1780,42110630,효자2동,130
1781,42110640,효자3동,130
1782,42110650,석사동,130
1783,42110660,퇴계동,130
1784,42110675,강남동,130
1785,42110705,신사우동,130
1786,42130250,문막읍,126
1787,42130310,소초면,126
1788,42130320,호저면,126
1789,42130330,지정면,126
1790,42130350,부론면,126
1791,42130360,귀래면,126
1792,42130370,흥업면,126
1793,42130380,판부면,126
1794,42130390,신림면,126
1795,42130515,중앙동,126
1796,42130520,원인동,126
1797,42130530,개운동,126
1798,42130541,명륜1동,126
1799,42130542,명륜2동,126
1800,42130550,단구동,126
1801,42130560,일산동,126
1802,42130575,학성동,126
1803,42130590,단계동,126
1804,42130600,우산동,126
1805,42130610,태장1동,126
1806,42130620,태장2동,126
1807,42130635,봉산동,126
1808,42130650,행구동,126
1809,42130660,무실동,126
1810,42130675,반곡관설동,126
1811,42150250,주문진읍,118
1812,42150310,성산면,118
1813,42150320,왕산면,118
1814,42150330,구정면,118
1815,42150340,강동면,118
1816,42150350,옥계면,118
1817,42150360,사천면,118
1818,42150370,연곡면,118
1819,42150510,홍제동,118
1820,42150520,중앙동,118
1821,42150540,옥천동,118
1822,42150550,교1동,118
1823,42150560,교2동,118
1824,42150571,포남1동,118
1825,42150572,포남2동,118
1826,42150580,초당동,118
1827,42150590,송정동,118
1828,42150600,내곡동,118
1829,42150615,강남동,118
1830,42150645,성덕동,118
1831,42150665,경포동,118
1832,42170510,천곡동,120
1833,42170520,송정동,120
1834,42170530,북삼동,120
1835,42170540,부곡동,120
1836,42170550,동호동,120
1837,42170570,발한동,120
1838,42170590,묵호동,120
1839,42170600,북평동,120
1840,42170630,망상동,120
1841,42170650,삼화동,120
1842,42190515,황지동,131
1843,42190525,황연동,131
1844,42190535,삼수동,131
1845,42190540,상장동,131
1846,42190585,문곡소도동,131
1847,42190595,장성동,131
1848,42190605,구문소동,131
1849,42190615,철암동,131
1850,42210510,영랑동,122
1851,42210520,동명동,122
1852,42210540,금호동,122
1853,42210560,교동,122
1854,42210570,노학동,122
1855,42210580,조양동,122
1856,42210590,청호동,122
1857,42210600,대포동,122
1858,42230250,도계읍,121
1859,42230253,원덕읍,121
1860,42230254,원덕읍임원출장소,121
1861,42230310,근덕면,121
1862,42230320,하장면,121
1863,42230330,노곡면,121
1864,42230340,미로면,121
1865,42230350,가곡면,121
1866,42230360,신기면,121
1867,42230510,남양동,121
1868,42230530,교동,121
1869,42230540,정라동,121
1870,42230570,성내동,121
1871,42720250,홍천읍,133
1872,42720310,화촌면,133
1873,42720320,두촌면,133
1874,42720330,내촌면,133
1875,42720340,서석면,133
1876,42720352,영귀미면,133
1877,42720360,남면,133
1878,42720370,서면,133
1879,42720380,북방면,133
1880,42720390,내면,133
1881,42730250,횡성읍,135
1882,42730310,우천면,135
1883,42730320,안흥면,135
1884,42730330,둔내면,135
1885,42730340,갑천면,135
1886,42730350,청일면,135
1887,42730360,공근면,135
1888,42730370,서원면,135
1889,42730380,강림면,135
1890,42750250,영월읍,125
1891,42750253,상동읍,125
1892,42750312,산솔면,125
1893,42750325,김삿갓면,125
1894,42750330,북면,125
1895,42750340,남면,125
1896,42750355,한반도면,125
1897,42750359,한반도면쌍용출장소,125
1898,42750360,주천면,125
1899,42750380,무릉도원면,125
1900,42760250,평창읍,132
1901,42760310,미탄면,132
1902,42760320,방림면,132
1903,42760325,방림면계촌출장소,132
1904,42760330,대화면,132
1905,42760340,봉평면,132
1906,42760350,용평면,132
1907,42760360,진부면,132
1908,42760380,대관령면,132
1909,42770250,정선읍,128
1910,42770253,고한읍,128
1911,42770256,사북읍,128
1912,42770259,신동읍,128
1913,42770260,신동읍함백출장소,128
1914,42770320,남면,128
1915,42770340,북평면,128
1916,42770350,임계면,128
1917,42770360,화암면,128
1918,42770370,여량면,128
1919,42780250,철원읍,129
1920,42780253,김화읍,129
1921,42780256,갈말읍,129
1922,42780259,동송읍,129
1923,42780310,서면,129
1924,42780315,서면와수출장소,129
1925,42780320,근남면,129
1926,42780330,근북면,129
1927,42780340,근동면,129
1928,42780350,원동면,129
1929,42780360,원남면,129
1930,42780370,임남면,129
1931,42790250,화천읍,134
1932,42790310,간동면,134
1933,42790320,하남면,134
1934,42790330,상서면,134
1935,42790340,사내면,134
1936,42800250,양구읍,123
1937,42800315,국토정중앙면,123
1938,42800320,동면,123
1939,42800330,방산면,123
1940,42800340,해안면,123
1941,42810250,인제읍,127
1942,42810251,인제읍귀둔출장소,127
1943,42810310,남면,127
1944,42810320,북면,127
1945,42810330,기린면,127
1946,42810340,서화면,127
1947,42810350,상남면,127
1948,42820250,간성읍,119
1949,42820253,거진읍,119
1950,42820310,현내면,119
1951,42820320,죽왕면,119
1952,42820330,토성면,119
1953,42820340,수동면,119
1954,42830250,양양읍,124
1955,42830310,서면,124
1956,42830320,손양면,124
1957,42830330,현북면,124
1958,42830340,현남면,124
1959,42830350,강현면,124
1960,43111310,낭성면,145
1961,43111320,미원면,145
1962,43111330,가덕면,145
1963,43111340,남일면,145
1964,43111350,문의면,145
1965,43111525,중앙동,145
1966,43111545,성안동,145
1967,43111620,탑대성동,145
1968,43111670,영운동,145
1969,43111680,금천동,145
1970,43111690,용담.명암.산성동,145
1971,43111720,용암1동,145
1972,43111730,용암2동,145
1973,43112310,남이면,146
1974,43112320,현도면,146
1975,43112510,사직1동,146
1976,43112520,사직2동,146
1977,43112530,사창동,146
1978,43112540,모충동,146
1979,43112550,산남동,146
1980,43112560,분평동,146
1981,43112570,수곡1동,146
1982,43112580,수곡2동,146
1983,43112590,성화.개신.죽림동,146
1984,43113250,오송읍,148
1985,43113310,강내면,148
1986,43113320,옥산면,148
1987,43113700,운천.신봉동,148
1988,43113741,복대1동,148
1989,43113742,복대2동,148
1990,43113747,가경동,148
1991,43113751,봉명1동,148
1992,43113756,봉명2.송정동,148
1993,43113760,강서제1동,148
1994,43113770,강서제2동,148
1995,43114250,내수읍,147
1996,43114253,오창읍,147
1997,43114310,북이면,147
1998,43114510,우암동,147
1999,43114520,내덕1동,147
2000,43114530,내덕2동,147
2001,43114540,율량.사천동,147
2002,43114550,오근장동,147
2003,43130250,주덕읍,149
2004,43130310,살미면,149
2005,43130325,수안보면,149
2006,43130335,대소원면,149
2007,43130350,신니면,149
2008,43130360,노은면,149
2009,43130370,앙성면,149
2010,43130385,중앙탑면,149
2011,43130390,금가면,149
2012,43130400,동량면,149
2013,43130410,산척면,149
2014,43130420,엄정면,149
2015,43130430,소태면,149
2016,43130515,성내.충인동,149
2017,43130535,교현.안림동,149
2018,43130540,교현2동,149
2019,43130550,용산동,149
2020,43130560,지현동,149
2021,43130571,문화동,149
2022,43130580,호암.직동,149
2023,43130605,달천동,149
2024,43130610,봉방동,149
2025,43130625,칠금.금릉동,149
2026,43130630,연수동,149
2027,43130640,목행.용탄동,149
2028,43150250,봉양읍,142
2029,43150310,금성면,142
2030,43150320,청풍면,142
2031,43150330,수산면,142
2032,43150340,덕산면,142
2033,43150350,한수면,142
2034,43150360,백운면,142
2035,43150380,송학면,142
2036,43150510,교동,142
2037,43150518,의림지동,142
2038,43150528,중앙동,142
2039,43150537,남현동,142
2040,43150547,영서동,142
2041,43150560,용두동,142
2042,43150577,신백동,142
2043,43150590,청전동,142
2044,43150605,화산동,142
2045,43720250,보은읍,138
2046,43720315,속리산면,138
2047,43720325,장안면,138
2048,43720330,마로면,138
2049,43720340,탄부면,138
2050,43720350,삼승면,138
2051,43720360,수한면,138
2052,43720370,회남면,138
2053,43720385,회인면,138
2054,43720390,내북면,138
2055,43720400,산외면,138
2056,43730250,옥천읍,140
2057,43730310,동이면,140
2058,43730320,안남면,140
2059,43730330,안내면,140
2060,43730340,청성면,140
2061,43730350,청산면,140
2062,43730360,이원면,140
2063,43730370,군서면,140
2064,43730380,군북면,140
2065,43740250,영동읍,139
2066,43740310,용산면,139
2067,43740320,황간면,139
2068,43740335,추풍령면,139
2069,43740340,매곡면,139
2070,43740350,상촌면,139
2071,43740360,양강면,139
2072,43740370,용화면,139
2073,43740380,학산면,139
2074,43740390,양산면,139
2075,43740400,심천면,139
2076,43745250,증평읍,143
2077,43745310,도안면,143
2078,43750250,진천읍,144
2079,43750253,덕산읍,144
2080,43750254,덕산읍혁신도시출장소,144
2081,43750320,초평면,144
2082,43750330,문백면,144
2083,43750340,백곡면,144
2084,43750350,이월면,144
2085,43750370,광혜원면,144
2086,43760250,괴산읍,136
2087,43760310,감물면,136
2088,43760320,장연면,136
2089,43760330,연풍면,136
2090,43760340,칠성면,136
2091,43760350,문광면,136
2092,43760360,청천면,136
2093,43760370,청안면,136
2094,43760390,사리면,136
2095,43760400,소수면,136
2096,43760410,불정면,136
2097,43770250,음성읍,141
2098,43770253,금왕읍,141
2099,43770310,소이면,141
2100,43770320,원남면,141
2101,43770330,맹동면,141
2102,43770340,대소면,141
2103,43770350,삼성면,141
2104,43770360,생극면,141
2105,43770370,감곡면,141
2106,43800250,단양읍,137
2107,43800253,매포읍,137
2108,43800310,대강면,137
2109,43800320,가곡면,137
2110,43800330,영춘면,137
2111,43800340,어상천면,137
2112,43800350,적성면,137
2113,43800360,단성면,137
2114,44131250,목천읍,161
2115,44131310,풍세면,161
2116,44131320,광덕면,161
2117,44131330,북면,161
2118,44131340,성남면,161
2119,44131350,수신면,161
2120,44131360,병천면,161
2121,44131370,동면,161
2122,44131510,중앙동,161
2123,44131520,문성동,161
2124,44131530,원성1동,161
2125,44131540,원성2동,161
2126,44131550,봉명동,161
2127,44131560,일봉동,161
2128,44131570,신방동,161
2129,44131580,청룡동,161
2130,44131590,신안동,161
2131,44133250,성환읍,162
2132,44133253,성거읍,162
2133,44133256,직산읍,162
2134,44133310,입장면,162
2135,44133510,성정1동,162
2136,44133520,성정2동,162
2137,44133530,쌍용1동,162
2138,44133540,쌍용2동,162
2139,44133550,쌍용3동,162
2140,44133560,백석동,162
2141,44133566,불당1동,162
2142,44133567,불당2동,162
2143,44133580,부성1동,162
2144,44133590,부성2동,162
2145,44150250,유구읍,151
2146,44150310,이인면,151
2147,44150320,탄천면,151
2148,44150330,계룡면,151
2149,44150340,반포면,151
2150,44150360,의당면,151
2151,44150370,정안면,151
2152,44150380,우성면,151
2153,44150390,사곡면,151
2154,44150400,신풍면,151
2155,44150510,중학동,151
2156,44150540,웅진동,151
2157,44150550,금학동,151
2158,44150560,옥룡동,151
2159,44150570,신관동,151
2160,44150590,월송동,151
2161,44180250,웅천읍,155
2162,44180310,주포면,155
2163,44180320,오천면,155
2164,44180325,오천면어항출장소,155
2165,44180329,원산출장소,155
2166,44180330,천북면,155
2167,44180340,청소면,155
2168,44180350,청라면,155
2169,44180360,남포면,155
2170,44180380,주산면,155
2171,44180390,미산면,155
2172,44180400,성주면,155
2173,44180410,주교면,155
2174,44180515,대천1동,155
2175,44180525,대천2동,155
2176,44180535,대천3동,155
2177,44180545,대천4동,155
2178,44180565,대천5동,155
2179,44200250,염치읍,159
2180,44200253,배방읍,159
2181,44200310,송악면,159
2182,44200330,탕정면,159
2183,44200350,음봉면,159
2184,44200360,둔포면,159
2185,44200370,영인면,159
2186,44200380,인주면,159
2187,44200390,선장면,159
2188,44200400,도고면,159
2189,44200410,신창면,159
2190,44200570,온양1동,159
2191,44200580,온양2동,159
2192,44200590,온양3동,159
2193,44200600,온양4동,159
2194,44200610,온양5동,159
2195,44200620,온양6동,159
2196,44210250,대산읍,157
2197,44210310,인지면,157
2198,44210320,부석면,157
2199,44210330,팔봉면,157
2200,44210340,지곡면,157
2201,44210360,성연면,157
2202,44210370,음암면,157
2203,44210380,운산면,157
2204,44210390,해미면,157
2205,44210400,고북면,157
2206,44210510,부춘동,157
2207,44210525,동문1동,157
2208,44210535,동문2동,157
2209,44210540,수석동,157
2210,44210550,석남동,157
2211,44230250,강경읍,153
2212,44230253,연무읍,153
2213,44230310,성동면,153
2214,44230320,광석면,153
2215,44230330,노성면,153
2216,44230340,상월면,153
2217,44230350,부적면,153
2218,44230360,연산면,153
2219,44230380,벌곡면,153
2220,44230390,양촌면,153
2221,44230400,가야곡면,153
2222,44230410,은진면,153
2223,44230420,채운면,153
2224,44230510,취암동,153
2225,44230520,부창동,153
2226,44250310,두마면,150
2227,44250315,엄사면,150
2228,44250330,신도안면,150
2229,44250510,금암동,150
2230,44270250,합덕읍,154
2231,44270253,송악읍,154
2232,44270310,고대면,154
2233,44270320,석문면,154
2234,44270330,대호지면,154
2235,44270340,정미면,154
2236,44270350,면천면,154
2237,44270360,순성면,154
2238,44270370,우강면,154
2239,44270380,신평면,154
2240,44270390,송산면,154
2241,44270510,당진1동,154
2242,44270520,당진2동,154
2243,44270530,당진3동,154
2244,44710250,금산읍,152
2245,44710310,금성면,152
2246,44710320,제원면,152
2247,44710330,부리면,152
2248,44710340,군북면,152
2249,44710350,남일면,152
2250,44710360,남이면,152
2251,44710370,진산면,152
2252,44710380,복수면,152
2253,44710390,추부면,152
2254,44760250,부여읍,156
2255,44760310,규암면,156
2256,44760320,은산면,156
2257,44760330,외산면,156
2258,44760340,내산면,156
2259,44760350,구룡면,156
2260,44760360,홍산면,156
2261,44760370,옥산면,156
2262,44760380,남면,156
2263,44760390,충화면,156
2264,44760400,양화면,156
2265,44760410,임천면,156
2266,44760420,장암면,156
2267,44760430,세도면,156
2268,44760440,석성면,156
2269,44760450,초촌면,156
2270,44770250,장항읍,158
2271,44770253,서천읍,158
2272,44770310,마서면,158
2273,44770320,화양면,158
2274,44770330,기산면,158
2275,44770340,한산면,158
2276,44770350,마산면,158
2277,44770360,시초면,158
2278,44770370,문산면,158
2279,44770380,판교면,158
2280,44770390,종천면,158
2281,44770400,비인면,158
2282,44770410,서면,158
2283,44790250,청양읍,163
2284,44790310,운곡면,163
2285,44790320,대치면,163
2286,44790330,정산면,163
2287,44790340,목면,163
2288,44790350,청남면,163
2289,44790360,장평면,163
2290,44790370,남양면,163
2291,44790380,화성면,163
2292,44790390,비봉면,163
2293,44800250,홍성읍,165
2294,44800253,광천읍,165
2295,44800256,홍북읍,165
2296,44800320,금마면,165
2297,44800330,홍동면,165
2298,44800340,장곡면,165
2299,44800350,은하면,165
2300,44800360,결성면,165
2301,44800370,서부면,165
2302,44800380,갈산면,165
2303,44800390,구항면,165
2304,44810250,예산읍,160
2305,44810253,삽교읍,160
2306,44810310,대술면,160
2307,44810320,신양면,160
2308,44810330,광시면,160
2309,44810340,대흥면,160
2310,44810350,응봉면,160
2311,44810360,덕산면,160
2312,44810370,봉산면,160
2313,44810380,고덕면,160
2314,44810390,신암면,160
2315,44810400,오가면,160
2316,44825250,태안읍,164
2317,44825253,안면읍,164
2318,44825310,고남면,164
2319,44825320,남면,164
2320,44825330,근흥면,164
2321,44825340,소원면,164
2322,44825350,원북면,164
2323,44825360,이원면,164
2324,45111510,중앙동,178
2325,45111530,풍남동,178
2326,45111605,노송동,178
2327,45111635,완산동,178
2328,45111650,동서학동,178
2329,45111660,서서학동,178
2330,45111671,중화산1동,178
2331,45111672,중화산2동,178
2332,45111680,서신동,178
2333,45111691,평화1동,178
2334,45111692,평화2동,178
2335,45111701,삼천1동,178
2336,45111702,삼천2동,178
2337,45111703,삼천3동,178
2338,45111711,효자1동,178
2339,45111712,효자2동,178
2340,45111713,효자3동,178
2341,45111714,효자4동,178
2342,45111730,효자5동,178
2343,45113525,진북동,177
2344,45113540,인후1동,177
2345,45113550,인후2동,177
2346,45113560,인후3동,177
2347,45113570,덕진동,177
2348,45113580,금암1동,177
2349,45113590,금암2동,177
2350,45113600,팔복동,177
2351,45113611,우아1동,177
2352,45113612,우아2동,177
2353,45113620,호성동,177
2354,45113641,송천1동,177
2355,45113642,송천2동,177
2356,45113650,조촌동,177
2357,45113665,여의동,177
2358,45113670,혁신동,177
2359,45130250,옥구읍,167
2360,45130310,옥산면,167
2361,45130320,회현면,167
2362,45130330,임피면,167
2363,45130340,서수면,167
2364,45130350,대야면,167
2365,45130360,개정면,167
2366,45130370,성산면,167
2367,45130380,나포면,167
2368,45130390,옥도면,167
2369,45130400,옥서면,167
2370,45130515,해신동,167
2371,45130530,월명동,167
2372,45130550,신풍동,167
2373,45130560,삼학동,167
2374,45130605,중앙동,167
2375,45130640,흥남동,167
2376,45130650,조촌동,167
2377,45130660,경암동,167
2378,45130670,구암동,167
2379,45130680,개정동,167
2380,45130690,수송동,167
2381,45130701,나운1동,167
2382,45130702,나운2동,167
2383,45130703,나운3동,167
2384,45130710,소룡동,167
2385,45130720,미성동,167
2386,45140250,함열읍,174
2387,45140310,오산면,174
2388,45140320,황등면,174
2389,45140330,함라면,174
2390,45140340,웅포면,174
2391,45140350,성당면,174
2392,45140360,용안면,174
2393,45140370,낭산면,174
2394,45140380,망성면,174
2395,45140390,여산면,174
2396,45140400,금마면,174
2397,45140410,왕궁면,174
2398,45140420,춘포면,174
2399,45140430,삼기면,174
2400,45140440,용동면,174
2401,45140520,중앙동,174
2402,45140530,평화동,174
2403,45140560,인화동,174
2404,45140570,동산동,174
2405,45140580,마동,174
2406,45140595,남중동,174
2407,45140610,모현동,174
2408,45140620,송학동,174
2409,45140646,영등1동,174
2410,45140647,영등2동,174
2411,45140652,어양동,174
2412,45140656,신동,174
2413,45140670,팔봉동,174
2414,45140690,삼성동,174
2415,45180250,신태인읍,179
2416,45180310,북면,179
2417,45180320,입암면,179
2418,45180330,소성면,179
2419,45180340,고부면,179
2420,45180350,영원면,179
2421,45180360,덕천면,179
2422,45180370,이평면,179
2423,45180380,정우면,179
2424,45180390,태인면,179
2425,45180400,감곡면,179
2426,45180410,옹동면,179
2427,45180420,칠보면,179
2428,45180430,산내면,179
2429,45180440,산외면,179
2430,45180510,수성동,179
2431,45180520,장명동,179
2432,45180535,내장상동,179
2433,45180545,시기동,179
2434,45180565,초산동,179
2435,45180570,연지동,179
2436,45180580,농소동,179
2437,45180595,상교동,179
2438,45190250,운봉읍,169
2439,45190310,주천면,169
2440,45190320,수지면,169
2441,45190330,송동면,169
2442,45190340,주생면,169
2443,45190350,금지면,169
2444,45190360,대강면,169
2445,45190370,대산면,169
2446,45190380,사매면,169
2447,45190390,덕과면,169
2448,45190400,보절면,169
2449,45190410,산동면,169
2450,45190420,이백면,169
2451,45190450,아영면,169
2452,45190460,산내면,169
2453,45190470,인월면,169
2454,45190510,동충동,169
2455,45190520,죽항동,169
2456,45190540,노암동,169
2457,45190550,금동,169
2458,45190560,왕정동,169
2459,45190570,향교동,169
2460,45190590,도통동,169
2461,45210250,만경읍,168
2462,45210320,죽산면,168
2463,45210330,백산면,168
2464,45210340,용지면,168
2465,45210350,백구면,168
2466,45210360,부량면,168
2467,45210380,공덕면,168
2468,45210390,청하면,168
2469,45210400,성덕면,168
2470,45210410,진봉면,168
2471,45210420,금구면,168
2472,45210430,봉남면,168
2473,45210440,황산면,168
2474,45210450,금산면,168
2475,45210460,광활면,168
2476,45210510,요촌동,168
2477,45210520,신풍동,168
2478,45210540,검산동,168
2479,45210580,교월동,168
2480,45710250,삼례읍,173
2481,45710253,봉동읍,173
2482,45710256,용진읍,173
2483,45710320,상관면,173
2484,45710330,이서면,173
2485,45710340,소양면,173
2486,45710350,구이면,173
2487,45710360,고산면,173
2488,45710370,비봉면,173
2489,45710380,운주면,173
2490,45710390,화산면,173
2491,45710400,동상면,173
2492,45710410,경천면,173
2493,45720250,진안읍,180
2494,45720310,용담면,180
2495,45720320,안천면,180
2496,45720330,동향면,180
2497,45720340,상전면,180
2498,45720350,백운면,180
2499,45720360,성수면,180
2500,45720370,마령면,180
2501,45720380,부귀면,180
2502,45720390,정천면,180
2503,45720400,주천면,180
2504,45730250,무주읍,170
2505,45730310,무풍면,170
2506,45730320,설천면,170
2507,45730330,적상면,170
2508,45730340,안성면,170
2509,45730350,부남면,170
2510,45740250,장수읍,176
2511,45740310,산서면,176
2512,45740320,번암면,176
2513,45740335,장계면,176
2514,45740340,천천면,176
2515,45740350,계남면,176
2516,45740360,계북면,176
2517,45750250,임실읍,175
2518,45750310,청웅면,175
2519,45750320,운암면,175
2520,45750330,신평면,175
2521,45750340,성수면,175
2522,45750355,오수면,175
2523,45750360,신덕면,175
2524,45750370,삼계면,175
2525,45750380,관촌면,175
2526,45750390,강진면,175
2527,45750400,덕치면,175
2528,45750410,지사면,175
2529,45770250,순창읍,172
2530,45770310,인계면,172
2531,45770320,동계면,172
2532,45770330,풍산면,172
2533,45770340,금과면,172
2534,45770350,팔덕면,172
2535,45770360,쌍치면,172
2536,45770370,복흥면,172
2537,45770380,적성면,172
2538,45770390,유등면,172
2539,45770400,구림면,172
2540,45790250,고창읍,166
2541,45790310,고수면,166
2542,45790320,아산면,166
2543,45790330,무장면,166
2544,45790340,공음면,166
2545,45790350,상하면,166
2546,45790360,해리면,166
2547,45790370,성송면,166
2548,45790380,대산면,166
2549,45790390,심원면,166
2550,45790400,흥덕면,166
2551,45790410,성내면,166
2552,45790420,신림면,166
2553,45790430,부안면,166
2554,45800250,부안읍,171
2555,45800310,주산면,171
2556,45800320,동진면,171
2557,45800330,행안면,171
2558,45800340,계화면,171
2559,45800350,보안면,171
2560,45800360,변산면,171
2561,45800370,진서면,171
2562,45800380,백산면,171
2563,45800390,상서면,171
2564,45800400,하서면,171
2565,45800410,줄포면,171
2566,45800420,위도면,171
2567,46110510,용당1동,188
2568,46110520,용당2동,188
2569,46110535,연동,188
2570,46110545,산정동,188
2571,46110554,연산동,188
2572,46110558,원산동,188
2573,46110565,대성동,188
2574,46110595,목원동,188
2575,46110640,동명동,188
2576,46110645,삼학동,188
2577,46110655,만호동,188
2578,46110660,유달동,188
2579,46110695,죽교동,188
2580,46110705,북항동,188
2581,46110745,용해동,188
2582,46110750,이로동,188
2583,46110756,상동,188
2584,46110757,하당동,188
2585,46110758,신흥동,188
2586,46110780,삼향동,188
2587,46110790,옥암동,188
2588,46110800,부흥동,188
2589,46110810,부주동,188
2590,46130250,돌산읍,193
2591,46130251,돌산읍우두출장소,193
2592,46130252,돌산읍죽포출장소,193
2593,46130310,소라면,193
2594,46130320,율촌면,193
2595,46130330,화양면,193
2596,46130340,남면,193
2597,46130350,화정면,193
2598,46130356,화정면개도출장소,193
2599,46130360,삼산면,193
2600,46130515,동문동,193
2601,46130535,한려동,193
2602,46130570,중앙동,193
2603,46130600,충무동,193
2604,46130625,광림동,193
2605,46130635,서강동,193
2606,46130655,대교동,193
2607,46130670,국동,193
2608,46130685,월호동,193
2609,46130700,여서동,193
2610,46130710,문수동,193
2611,46130730,미평동,193
2612,46130740,둔덕동,193
2613,46130765,만덕동,193
2614,46130780,쌍봉동,193
2615,46130790,시전동,193
2616,46130800,여천동,193
2617,46130810,주삼동,193
2618,46130820,삼일동,193
2619,46130830,묘도동,193
2620,46150250,승주읍,191
2621,46150310,해룡면,191
2622,46150315,해룡면상삼출장소,191
2623,46150316,해룡면신대출장소,191
2624,46150320,서면,191
2625,46150330,황전면,191
2626,46150340,월등면,191
2627,46150350,주암면,191
2628,46150360,송광면,191
2629,46150370,외서면,191
2630,46150380,낙안면,191
2631,46150390,별량면,191
2632,46150400,상사면,191
2633,46150515,향동,191
2634,46150540,매곡동,191
2635,46150550,삼산동,191
2636,46150560,조곡동,191
2637,46150570,덕연동,191
2638,46150580,풍덕동,191
2639,46150590,남제동,191
2640,46150600,저전동,191
2641,46150610,장천동,191
2642,46150620,중앙동,191
2643,46150635,도사동,191
2644,46150661,왕조1동,191
2645,46150665,왕조2동,191
2646,46170250,남평읍,186
2647,46170310,세지면,186
2648,46170320,왕곡면,186
2649,46170330,반남면,186
2650,46170340,공산면,186
2651,46170350,동강면,186
2652,46170360,다시면,186
2653,46170370,문평면,186
2654,46170380,노안면,186
2655,46170390,금천면,186
2656,46170400,산포면,186
2657,46170420,다도면,186
2658,46170430,봉황면,186
2659,46170510,송월동,186
2660,46170520,영강동,186
2661,46170540,금남동,186
2662,46170550,성북동,186
2663,46170580,영산동,186
2664,46170600,이창동,186
2665,46170620,빛가람동,186
2666,46230250,광양읍,184
2667,46230310,봉강면,184
2668,46230320,옥룡면,184
2669,46230330,옥곡면,184
2670,46230340,진상면,184
2671,46230350,진월면,184
2672,46230360,다압면,184
2673,46230515,골약동,184
2674,46230530,중마동,184
2675,46230540,광영동,184
2676,46230550,금호동,184
2677,46230570,태인동,184
2678,46710250,담양읍,187
2679,46710310,봉산면,187
2680,46710320,고서면,187
2681,46710335,가사문학면,187
2682,46710340,창평면,187
2683,46710350,대덕면,187
2684,46710360,무정면,187
2685,46710370,금성면,187
2686,46710380,용면,187
2687,46710390,월산면,187
2688,46710400,수북면,187
2689,46710410,대전면,187
2690,46720250,곡성읍,183
2691,46720310,오곡면,183
2692,46720320,삼기면,183
2693,46720330,석곡면,183
2694,46720340,목사동면,183
2695,46720350,죽곡면,183
2696,46720360,고달면,183
2697,46720370,옥과면,183
2698,46720380,입면,183
2699,46720390,겸면,183
2700,46720400,오산면,183
2701,46730250,구례읍,185
2702,46730310,문척면,185
2703,46730320,간전면,185
2704,46730330,토지면,185
2705,46730340,마산면,185
2706,46730350,광의면,185
2707,46730360,용방면,185
2708,46730370,산동면,185
2709,46770250,고흥읍,182
2710,46770253,도양읍,182
2711,46770254,도양읍소록출장소,182
2712,46770255,도양읍시산출장소,182
2713,46770310,풍양면,182
2714,46770320,도덕면,182
2715,46770330,금산면,182
2716,46770340,도화면,182
2717,46770350,포두면,182
2718,46770360,봉래면,182
2719,46770370,점암면,182
2720,46770380,과역면,182
2721,46770390,남양면,182
2722,46770400,동강면,182
2723,46770410,대서면,182
2724,46770420,두원면,182
2725,46770440,영남면,182
2726,46770450,동일면,182
2727,46780250,보성읍,190
2728,46780253,벌교읍,190
2729,46780310,노동면,190
2730,46780320,미력면,190
2731,46780330,겸백면,190
2732,46780340,율어면,190
2733,46780350,복내면,190
2734,46780360,문덕면,190
2735,46780370,조성면,190
2736,46780380,득량면,190
2737,46780385,득량면예당출장소,190
2738,46780390,회천면,190
2739,46780400,웅치면,190
2740,46790250,화순읍,202
2741,46790251,화순읍민원출장소,202
2742,46790310,한천면,202
2743,46790315,한천면영외출장소,202
2744,46790320,춘양면,202
2745,46790330,청풍면,202
2746,46790340,이양면,202
2747,46790350,능주면,202
2748,46790360,도곡면,202
2749,46790370,도암면,202
2750,46790380,이서면,202
2751,46790395,백아면,202
2752,46790400,동복면,202
2753,46790415,사평면,202
2754,46790420,동면,202
2755,46800250,장흥읍,198
2756,46800253,관산읍,198
2757,46800256,대덕읍,198
2758,46800310,용산면,198
2759,46800320,안양면,198
2760,46800330,장동면,198
2761,46800340,장평면,198
2762,46800350,유치면,198
2763,46800360,부산면,198
2764,46800370,회진면,198
2765,46810250,강진읍,181
2766,46810310,군동면,181
2767,46810320,칠량면,181
2768,46810330,대구면,181
2769,46810340,도암면,181
2770,46810350,신전면,181
2771,46810360,성전면,181
2772,46810370,작천면,181
2773,46810380,병영면,181
2774,46810390,옴천면,181
2775,46810400,마량면,181
2776,46820250,해남읍,201
2777,46820310,삼산면,201
2778,46820320,화산면,201
2779,46820330,현산면,201
2780,46820340,송지면,201
2781,46820350,북평면,201
2782,46820360,북일면,201
2783,46820370,옥천면,201
2784,46820380,계곡면,201
2785,46820390,마산면,201
2786,46820400,황산면,201
2787,46820410,산이면,201
2788,46820420,문내면,201
2789,46820430,화원면,201
2790,46830250,영암읍,195
2791,46830253,삼호읍,195
2792,46830254,삼호읍서부출장소,195
2793,46830310,덕진면,195
2794,46830320,금정면,195
2795,46830330,신북면,195
2796,46830340,시종면,195
2797,46830350,도포면,195
2798,46830360,군서면,195
2799,46830370,서호면,195
2800,46830380,학산면,195
2801,46830390,미암면,195
2802,46840250,무안읍,189
2803,46840253,일로읍,189
2804,46840256,삼향읍,189
2805,46840258,삼향읍남악출장소,189
2806,46840320,몽탄면,189
2807,46840330,청계면,189
2808,46840340,현경면,189
2809,46840350,망운면,189
2810,46840360,해제면,189
2811,46840370,운남면,189
2812,46860250,함평읍,200
2813,46860310,손불면,200
2814,46860320,신광면,200
2815,46860330,학교면,200
2816,46860340,엄다면,200
2817,46860350,대동면,200
2818,46860360,나산면,200
2819,46860370,해보면,200
2820,46860380,월야면,200
2821,46870250,영광읍,194
2822,46870253,백수읍,194
2823,46870256,홍농읍,194
2824,46870310,대마면,194
2825,46870320,묘량면,194
2826,46870330,불갑면,194
2827,46870340,군서면,194
2828,46870350,군남면,194
2829,46870360,염산면,194
2830,46870370,법성면,194
2831,46870380,낙월면,194
2832,46870385,낙월면안마출장소,194
2833,46880250,장성읍,197
2834,46880310,진원면,197
2835,46880320,남면,197
2836,46880330,동화면,197
2837,46880340,삼서면,197
2838,46880350,삼계면,197
2839,46880360,황룡면,197
2840,46880370,서삼면,197
2841,46880380,북일면,197
2842,46880390,북이면,197
2843,46880400,북하면,197
2844,46890250,완도읍,196
2845,46890253,금일읍,196
2846,46890256,노화읍,196
2847,46890290,노화읍넙도출장소,196
2848,46890310,군외면,196
2849,46890320,신지면,196
2850,46890330,고금면,196
2851,46890340,약산면,196
2852,46890350,청산면,196
2853,46890355,청산면모도출장소,196
2854,46890360,소안면,196
2855,46890370,금당면,196
2856,46890380,보길면,196
2857,46890390,생일면,196
2858,46900250,진도읍,199
2859,46900310,군내면,199
2860,46900320,고군면,199
2861,46900330,의신면,199
2862,46900340,임회면,199
2863,46900350,지산면,199
2864,46900360,조도면,199
2865,46900365,조도면가사출장소,199
2866,46900366,조도면거차출장소,199
2867,46910250,지도읍,192
2868,46910251,지도읍선도출장소,192
2869,46910253,압해읍,192
2870,46910254,압해읍매화출장소,192
2871,46910255,압해읍고이도출장소,192
2872,46910310,증도면,192
2873,46910315,증도면병풍출장소,192
2874,46910320,임자면,192
2875,46910330,자은면,192
2876,46910340,비금면,192
2877,46910350,도초면,192
2878,46910355,도초면우이도출장소,192
2879,46910360,흑산면,192
2880,46910365,흑산면가거도출장소,192
2881,46910366,흑산면태도출장소,192
2882,46910367,흑산면홍도출장소,192
2883,46910368,흑산면대둔도출장소,192
2884,46910370,하의면,192
2885,46910380,신의면,192
2886,46910390,장산면,192
2887,46910400,안좌면,192
2888,46910405,안좌면자라출장소,192
2889,46910410,팔금면,192
2890,46910420,암태면,192
2891,47111250,구룡포읍,225
2892,47111253,연일읍,225
2893,47111256,오천읍,225
2894,47111310,대송면,225
2895,47111320,동해면,225
2896,47111330,장기면,225
2897,47111350,호미곶면,225
2898,47111525,상대동,225
2899,47111545,해도동,225
2900,47111550,송도동,225
2901,47111560,청림동,225
2902,47111570,제철동,225
2903,47111580,효곡동,225
2904,47111590,대이동,225
2905,47113250,흥해읍,226
2906,47113310,신광면,226
2907,47113320,청하면,226
2908,47113330,송라면,226
2909,47113340,기계면,226
2910,47113350,죽장면,226
2911,47113355,죽장면상옥출장소,226
2912,47113360,기북면,226
2913,47113520,중앙동,226
2914,47113630,양학동,226
2915,47113655,죽도동,226
2916,47113665,용흥동,226
2917,47113680,우창동,226
2918,47113690,두호동,226
2919,47113700,장량동,226
2920,47113710,환여동,226
2921,47130250,감포읍,204
2922,47130253,안강읍,204
2923,47130256,건천읍,204
2924,47130259,외동읍,204
2925,47130315,문무대왕면,204
2926,47130320,양남면,204
2927,47130330,내남면,204
2928,47130340,산내면,204
2929,47130350,서면,204
2930,47130360,현곡면,204
2931,47130370,강동면,204
2932,47130380,천북면,204
2933,47130515,중부동,204
2934,47130530,황오동,204
2935,47130550,성건동,204
2936,47130570,황남동,204
2937,47130590,선도동,204
2938,47130605,월성동,204
2939,47130615,용강동,204
2940,47130621,황성동,204
2941,47130630,동천동,204
2942,47130650,불국동,204
2943,47130660,보덕동,204
2944,47150250,아포읍,208
2945,47150310,농소면,208
2946,47150320,남면,208
2947,47150340,개령면,208
2948,47150350,감문면,208
2949,47150360,어모면,208
2950,47150370,봉산면,208
2951,47150380,대항면,208
2952,47150390,감천면,208
2953,47150400,조마면,208
2954,47150410,구성면,208
2955,47150420,지례면,208
2956,47150430,부항면,208
2957,47150440,대덕면,208
2958,47150450,증산면,208
2959,47150516,자산동,208
2960,47150536,평화남산동,208
2961,47150565,양금동,208
2962,47150575,대신동,208
2963,47150595,대곡동,208
2964,47150610,지좌동,208
2965,47150640,율곡동,208
2966,47170250,풍산읍,213
2967,47170310,와룡면,213
2968,47170320,북후면,213
2969,47170330,서후면,213
2970,47170340,풍천면,213
2971,47170350,일직면,213
2972,47170360,남후면,213
2973,47170370,남선면,213
2974,47170380,임하면,213
2975,47170390,길안면,213
2976,47170400,임동면,213
2977,47170410,예안면,213
2978,47170420,도산면,213
2979,47170430,녹전면,213
2980,47170510,중구동,213
2981,47170520,명륜동,213
2982,47170555,용상동,213
2983,47170585,서구동,213
2984,47170600,태화동,213
2985,47170620,평화동,213
2986,47170630,안기동,213
2987,47170650,옥동,213
2988,47170660,송하동,213
2989,47170690,강남동,213
2990,47190250,선산읍,206
2991,47190253,고아읍,206
2992,47190256,산동읍,206
2993,47190310,무을면,206
2994,47190320,옥성면,206
2995,47190330,도개면,206
2996,47190340,해평면,206
2997,47190360,장천면,206
2998,47190510,송정동,206
2999,47190535,원평동,206
3000,47190551,도량동,206
3001,47190555,지산동,206
3002,47190565,선주원남동,206
3003,47190582,형곡1동,206
3004,47190583,형곡2동,206
3005,47190590,신평1동,206
3006,47190600,신평2동,206
3007,47190610,비산동,206
3008,47190630,광평동,206
3009,47190645,상모사곡동,206
3010,47190660,임오동,206
3011,47190670,인동동,206
3012,47190680,진미동,206
3013,47190690,양포동,206
3014,47190700,공단동,206
3015,47210250,풍기읍,216
3016,47210310,이산면,216
3017,47210320,평은면,216
3018,47210330,문수면,216
3019,47210340,장수면,216
3020,47210350,안정면,216
3021,47210360,봉현면,216
3022,47210370,순흥면,216
3023,47210380,단산면,216
3024,47210390,부석면,216
3025,47210510,상망동,216
3026,47210525,하망동,216
3027,47210550,영주1동,216
3028,47210560,영주2동,216
3029,47210590,휴천1동,216
3030,47210600,휴천2동,216
3031,47210610,휴천3동,216
3032,47210620,가흥1동,216
3033,47210630,가흥2동,216
3034,47230250,금호읍,217
3035,47230310,청통면,217
3036,47230320,신녕면,217
3037,47230330,화산면,217
3038,47230340,화북면,217
3039,47230350,화남면,217
3040,47230360,자양면,217
3041,47230370,임고면,217
3042,47230380,고경면,217
3043,47230390,북안면,217
3044,47230400,대창면,217
3045,47230510,동부동,217
3046,47230520,중앙동,217
3047,47230535,서부동,217
3048,47230540,완산동,217
3049,47230555,남부동,217
3050,47250250,함창읍,211
3051,47250310,중동면,211
3052,47250325,사벌국면,211
3053,47250330,낙동면,211
3054,47250335,낙동면동부출장소,211
3055,47250340,청리면,211
3056,47250350,공성면,211
3057,47250360,외남면,211
3058,47250370,내서면,211
3059,47250380,모동면,211
3060,47250390,모서면,211
3061,47250395,모서면서부출장소,211
3062,47250400,화동면,211
3063,47250410,화서면,211
3064,47250420,화북면,211
3065,47250426,화북면서부출장소,211
3066,47250430,외서면,211
3067,47250440,은척면,211
3068,47250445,은척면북부출장소,211
3069,47250450,공검면,211
3070,47250460,이안면,211
3071,47250470,화남면,211
3072,47250520,남원동,211
3073,47250530,북문동,211
3074,47250540,계림동,211
3075,47250550,동문동,211
3076,47250560,동성동,211
3077,47250570,신흥동,211
3078,47280250,문경읍,209
3079,47280251,문경읍갈평출장소,209
3080,47280253,가은읍,209
3081,47280254,가은읍북부출장소,209
3082,47280310,영순면,209
3083,47280320,산양면,209
3084,47280330,호계면,209
3085,47280340,산북면,209
3086,47280350,동로면,209
3087,47280360,마성면,209
3088,47280370,농암면,209
3089,47280570,점촌1동,209
3090,47280580,점촌2동,209
3091,47280590,점촌3동,209
3092,47280600,점촌4동,209
3093,47280610,점촌5동,209
3094,47290250,하양읍,203
3095,47290253,진량읍,203
3096,47290256,압량읍,203
3097,47290310,와촌면,203
3098,47290330,자인면,203
3099,47290340,용성면,203
3100,47290350,남산면,203
3101,47290370,남천면,203
3102,47290510,중방동,203
3103,47290520,중앙동,203
3104,47290530,남부동,203
3105,47290541,서부1동,203
3106,47290542,서부2동,203
3107,47290550,북부동,203
3108,47290560,동부동,203
3109,47720250,군위읍,207
3110,47720310,소보면,207
3111,47720320,효령면,207
3112,47720330,부계면,207
3113,47720340,우보면,207
3114,47720350,의흥면,207
3115,47720360,산성면,207
3116,47720380,삼국유사면,207
3117,47730250,의성읍,221
3118,47730310,단촌면,221
3119,47730320,점곡면,221
3120,47730330,옥산면,221
3121,47730340,사곡면,221
3122,47730350,춘산면,221
3123,47730360,가음면,221
3124,47730370,금성면,221
3125,47730380,봉양면,221
3126,47730390,비안면,221
3127,47730400,구천면,221
3128,47730410,단밀면,221
3129,47730420,단북면,221
3130,47730430,안계면,221
3131,47730440,다인면,221
3132,47730450,신평면,221
3133,47730460,안평면,221
3134,47730470,안사면,221
3135,47750250,청송읍,223
3136,47750315,주왕산면,223
3137,47750320,부남면,223
3138,47750330,현동면,223
3139,47750340,현서면,223
3140,47750350,안덕면,223
3141,47750360,파천면,223
3142,47750370,진보면,223
3143,47760250,영양읍,215
3144,47760310,입암면,215
3145,47760320,청기면,215
3146,47760330,일월면,215
3147,47760340,수비면,215
3148,47760350,석보면,215
3149,47770250,영덕읍,214
3150,47770310,강구면,214
3151,47770320,남정면,214
3152,47770330,달산면,214
3153,47770340,지품면,214
3154,47770345,지품면원전출장소,214
3155,47770350,축산면,214
3156,47770355,축산면축산출장소,214
3157,47770360,영해면,214
3158,47770370,병곡면,214
3159,47770380,창수면,214
3160,47820250,화양읍,222
3161,47820251,화양읍남성현출장소,222
3162,47820253,청도읍,222
3163,47820254,청도읍유호출장소,222
3164,47820310,각남면,222
3165,47820320,풍각면,222
3166,47820330,각북면,222
3167,47820340,이서면,222
3168,47820350,운문면,222
3169,47820360,금천면,222
3170,47820370,매전면,222
3171,47830253,대가야읍,205
3172,47830310,덕곡면,205
3173,47830320,운수면,205
3174,47830330,성산면,205
3175,47830340,다산면,205
3176,47830350,개진면,205
3177,47830360,우곡면,205
3178,47830370,쌍림면,205
3179,47840250,성주읍,212
3180,47840310,선남면,212
3181,47840320,용암면,212
3182,47840330,수륜면,212
3183,47840340,가천면,212
3184,47840350,금수면,212
3185,47840360,대가면,212
3186,47840370,벽진면,212
3187,47840380,초전면,212
3188,47840390,월항면,212
3189,47850250,왜관읍,224
3190,47850253,북삼읍,224
3191,47850256,석적읍,224
3192,47850310,지천면,224
3193,47850320,동명면,224
3194,47850330,가산면,224
3195,47850360,약목면,224
3196,47850370,기산면,224
3197,47900250,예천읍,218
3198,47900310,용문면,218
3199,47900340,감천면,218
3200,47900350,보문면,218
3201,47900360,호명면,218
3202,47900370,유천면,218
3203,47900380,용궁면,218
3204,47900390,개포면,218
3205,47900400,지보면,218
3206,47900410,풍양면,218
3207,47900420,효자면,218
3208,47900430,은풍면,218
3209,47920250,봉화읍,210
3210,47920310,물야면,210
3211,47920320,봉성면,210
3212,47920330,법전면,210
3213,47920340,춘양면,210
3214,47920350,소천면,210
3215,47920360,재산면,210
3216,47920370,명호면,210
3217,47920380,상운면,210
3218,47920390,석포면,210
3219,47930250,울진읍,220
3220,47930253,평해읍,220
3221,47930310,북면,220
3222,47930315,북면하당출장소,220
3223,47930330,근남면,220
3224,47930350,기성면,220
3225,47930360,온정면,220
3226,47930370,죽변면,220
3227,47930380,후포면,220
3228,47930390,금강송면,220
3229,47930400,매화면,220
3230,47940250,울릉읍,219
3231,47940310,서면,219
3232,47940315,서면태하출장소,219
3233,47940320,북면,219
3234,48121250,동읍,242
3235,48121310,북면,242
3236,48121320,대산면,242
3237,48121510,의창동,242
3238,48121520,팔룡동,242
3239,48121530,명곡동,242
3240,48121540,봉림동,242
3241,48123510,반송동,241
3242,48123515,용지동,241
3243,48123520,중앙동,241
3244,48123530,상남동,241
3245,48123540,사파동,241
3246,48123550,가음정동,241
3247,48123560,성주동,241
3248,48123570,웅남동,241
3249,48125310,구산면,239
3250,48125320,진동면,239
3251,48125330,진북면,239
3252,48125340,진전면,239
3253,48125510,현동,239
3254,48125520,가포동,239
3255,48125530,월영동,239
3256,48125540,문화동,239
3257,48125565,반월중앙동,239
3258,48125570,완월동,239
3259,48125580,자산동,239
3260,48125610,교방동,239
3261,48125630,오동동,239
3262,48125640,합포동,239
3263,48125650,산호동,239
3264,48127250,내서읍,240
3265,48127510,회원1동,240
3266,48127520,회원2동,240
3267,48127545,석전동,240
3268,48127550,회성동,240
3269,48127560,양덕1동,240
3270,48127570,양덕2동,240
3271,48127580,합성1동,240
3272,48127590,합성2동,240
3273,48127600,구암1동,240
3274,48127610,구암2동,240
3275,48127620,봉암동,240
3276,48129530,충무동,243
3277,48129540,여좌동,243
3278,48129550,태백동,243
3279,48129560,경화동,243
3280,48129570,병암동,243
3281,48129580,석동,243
3282,48129590,이동,243
3283,48129600,자은동,243
3284,48129610,덕산동,243
3285,48129620,풍호동,243
3286,48129630,웅천동,243
3287,48129640,웅동1동,243
3288,48129650,웅동2동,243
3289,48170250,문산읍,237
3290,48170310,내동면,237
3291,48170320,정촌면,237
3292,48170330,금곡면,237
3293,48170350,진성면,237
3294,48170360,일반성면,237
3295,48170370,이반성면,237
3296,48170380,사봉면,237
3297,48170390,지수면,237
3298,48170400,대곡면,237
3299,48170410,금산면,237
3300,48170420,집현면,237
3301,48170430,미천면,237
3302,48170440,명석면,237
3303,48170450,대평면,237
3304,48170460,수곡면,237
3305,48170515,천전동,237
3306,48170555,성북동,237
3307,48170565,중앙동,237
3308,48170595,상봉동,237
3309,48170673,상대동,237
3310,48170678,하대동,237
3311,48170680,상평동,237
3312,48170695,초장동,237
3313,48170710,평거동,237
3314,48170715,신안동,237
3315,48170720,이현동,237
3316,48170730,판문동,237
3317,48170740,가호동,237
3318,48170750,충무공동,237
3319,48220250,산양읍,244
3320,48220310,용남면,244
3321,48220330,도산면,244
3322,48220340,광도면,244
3323,48220350,욕지면,244
3324,48220360,한산면,244
3325,48220370,사량면,244
3326,48220510,도천동,244
3327,48220530,명정동,244
3328,48220550,중앙동,244
3329,48220590,정량동,244
3330,48220600,북신동,244
3331,48220665,미수동,244
3332,48220670,봉평동,244
3333,48220700,무전동,244
3334,48240250,사천읍,233
3335,48240310,정동면,233
3336,48240320,사남면,233
3337,48240330,용현면,233
3338,48240340,축동면,233
3339,48240350,곤양면,233
3340,48240360,곤명면,233
3341,48240370,서포면,233
3342,48240510,동서동,233
3343,48240520,선구동,233
3344,48240530,동서금동,233
3345,48240550,벌용동,233
3346,48240570,향촌동,233
3347,48240595,남양동,233
3348,48240890,신수출장소,233
3349,48250250,진영읍,230
3350,48250320,주촌면,230
3351,48250330,진례면,230
3352,48250340,한림면,230
3353,48250350,생림면,230
3354,48250360,상동면,230
3355,48250370,대동면,230
3356,48250510,동상동,230
3357,48250520,회현동,230
3358,48250530,부원동,230
3359,48250540,내외동,230
3360,48250550,북부동,230
3361,48250565,칠산서부동,230
3362,48250580,활천동,230
3363,48250590,삼안동,230
3364,48250600,불암동,230
3365,48250610,장유1동,230
3366,48250620,장유2동,230
3367,48250630,장유3동,230
3368,48270250,삼랑진읍,232
3369,48270251,삼랑진임천출장소,232
3370,48270253,하남읍,232
3371,48270310,부북면,232
3372,48270320,상동면,232
3373,48270330,산외면,232
3374,48270340,산내면,232
3375,48270350,단장면,232
3376,48270360,상남면,232
3377,48270370,초동면,232
3378,48270380,무안면,232
3379,48270390,청도면,232
3380,48270510,내일동,232
3381,48270520,내이동,232
3382,48270530,삼문동,232
3383,48270540,가곡동,232
3384,48270550,교동,232
3385,48310310,일운면,227
3386,48310320,동부면,227
3387,48310330,남부면,227
3388,48310340,거제면,227
3389,48310350,둔덕면,227
3390,48310360,사등면,227
3391,48310366,사등면가조출장소,227
3392,48310370,연초면,227
3393,48310380,하청면,227
3394,48310385,하청면칠천출장소,227
3395,48310390,장목면,227
3396,48310395,장목면외포출장소,227
3397,48310510,장승포동,227
3398,48310530,능포동,227
3399,48310540,아주동,227
3400,48310550,옥포1동,227
3401,48310560,옥포2동,227
3402,48310570,장평동,227
3403,48310580,고현동,227
3404,48310590,상문동,227
3405,48310600,수양동,227
3406,48330253,물금읍,235
3407,48330310,동면,235
3408,48330320,원동면,235
3409,48330330,상북면,235
3410,48330340,하북면,235
3411,48330510,중앙동,235
3412,48330515,양주동,235
3413,48330520,삼성동,235
3414,48330530,강서동,235
3415,48330540,서창동,235
3416,48330550,소주동,235
3417,48330560,평산동,235
3418,48330570,덕계동,235
3419,48720250,의령읍,236
3420,48720310,가례면,236
3421,48720320,칠곡면,236
3422,48720330,대의면,236
3423,48720340,화정면,236
3424,48720350,용덕면,236
3425,48720360,정곡면,236
3426,48720370,지정면,236
3427,48720380,낙서면,236
3428,48720390,부림면,236
3429,48720400,봉수면,236
3430,48720415,궁류면,236
3431,48720420,유곡면,236
3432,48730250,가야읍,246
3433,48730253,칠원읍,246
3434,48730310,함안면,246
3435,48730320,군북면,246
3436,48730330,법수면,246
3437,48730340,대산면,246
3438,48730350,칠서면,246
3439,48730360,칠북면,246
3440,48730380,산인면,246
3441,48730390,여항면,246
3442,48740250,창녕읍,238
3443,48740253,남지읍,238
3444,48740310,고암면,238
3445,48740320,성산면,238
3446,48740330,대합면,238
3447,48740340,이방면,238
3448,48740350,유어면,238
3449,48740360,대지면,238
3450,48740370,계성면,238
3451,48740380,영산면,238
3452,48740390,장마면,238
3453,48740400,도천면,238
3454,48740410,길곡면,238
3455,48740420,부곡면,238
3456,48820250,고성읍,229
3457,48820310,삼산면,229
3458,48820320,하일면,229
3459,48820330,하이면,229
3460,48820340,상리면,229
3461,48820350,대가면,229
3462,48820360,영현면,229
3463,48820370,영오면,229
3464,48820380,개천면,229
3465,48820390,구만면,229
3466,48820400,회화면,229
3467,48820410,마암면,229
3468,48820420,동해면,229
3469,48820430,거류면,229
3470,48840250,남해읍,231
3471,48840310,이동면,231
3472,48840320,상주면,231
3473,48840330,삼동면,231
3474,48840340,미조면,231
3475,48840350,남면,231
3476,48840360,서면,231
3477,48840370,고현면,231
3478,48840380,설천면,231
3479,48840390,창선면,231
3480,48850250,하동읍,245
3481,48850310,화개면,245
3482,48850320,악양면,245
3483,48850330,적량면,245
3484,48850340,횡천면,245
3485,48850350,고전면,245
3486,48850360,금남면,245
3487,48850370,진교면,245
3488,48850380,양보면,245
3489,48850390,북천면,245
3490,48850400,청암면,245
3491,48850410,옥종면,245
3492,48850420,금성면,245
3493,48860250,산청읍,234
3494,48860310,차황면,234
3495,48860320,오부면,234
3496,48860330,생초면,234
3497,48860340,금서면,234
3498,48860350,삼장면,234
3499,48860360,시천면,234
3500,48860370,단성면,234
3501,48860380,신안면,234
3502,48860390,생비량면,234
3503,48860400,신등면,234
3504,48870250,함양읍,247
3505,48870310,마천면,247
3506,48870320,휴천면,247
3507,48870330,유림면,247
3508,48870340,수동면,247
3509,48870350,지곡면,247
3510,48870360,안의면,247
3511,48870370,서하면,247
3512,48870380,서상면,247
3513,48870390,백전면,247
3514,48870400,병곡면,247
3515,48880250,거창읍,228
3516,48880310,주상면,228
3517,48880320,웅양면,228
3518,48880330,고제면,228
3519,48880340,북상면,228
3520,48880350,위천면,228
3521,48880360,마리면,228
3522,48880370,남상면,228
3523,48880380,남하면,228
3524,48880390,신원면,228
3525,48880400,가조면,228
3526,48880410,가북면,228
3527,48890250,합천읍,248
3528,48890310,봉산면,248
3529,48890320,묘산면,248
3530,48890330,가야면,248
3531,48890340,야로면,248
3532,48890350,율곡면,248
3533,48890360,초계면,248
3534,48890370,쌍책면,248
3535,48890380,덕곡면,248
3536,48890390,청덕면,248
3537,48890400,적중면,248
3538,48890410,대양면,248
3539,48890420,쌍백면,248
3540,48890430,삼가면,248
3541,48890440,가회면,248
3542,48890450,대병면,248
3543,48890460,용주면,248
3544,50110250,한림읍,250
3545,50110253,애월읍,250
3546,50110256,구좌읍,250
3547,50110259,조천읍,250
3548,50110310,한경면,250
3549,50110320,추자면,250
3550,50110330,우도면,250
3551,50110510,일도1동,250
3552,50110520,일도2동,250
3553,50110530,이도1동,250
3554,50110540,이도2동,250
3555,50110550,삼도1동,250
3556,50110560,삼도2동,250
3557,50110570,용담1동,250
3558,50110580,용담2동,250
3559,50110590,건입동,250
3560,50110600,화북동,250
3561,50110610,삼양동,250
3562,50110620,봉개동,250
3563,50110630,아라동,250
3564,50110640,오라동,250
3565,50110650,연동,250
3566,50110660,노형동,250
3567,50110670,외도동,250
3568,50110680,이호동,250
3569,50110690,도두동,250
3570,50130250,대정읍,249
3571,50130253,남원읍,249
3572,50130259,성산읍,249
3573,50130310,안덕면,249
3574,50130320,표선면,249
3575,50130510,송산동,249
3576,50130520,정방동,249
3577,50130530,중앙동,249
3578,50130540,천지동,249
3579,50130550,효돈동,249
3580,50130560,영천동,249
3581,50130570,동홍동,249
3582,50130580,서홍동,249
3583,50130590,대륜동,249
3584,50130600,대천동,249
3585,50130610,중문동,249
3586,50130620,예래동,249
